doc_id,date,time,week_number,month,doc_type,route,carrier,processing_time_seconds,manual_baseline_seconds,time_saved_seconds,confidence_score,compliance_status,error_detail,dg_class,un_number,is_dangerous_goods,customs_hold,processing_time_minutes,confidence_band,doc_category
DOC-5000,2026-03-10,00:58,11,March,DG Declaration (IATA),DE → CH,DSV,53,524,471,87.4,Human review,,Class 3 (Flammable liquids),UN2891,Yes,No,0.88,85-95% (Good),Dangerous Goods
DOC-5001,2026-02-03,12:20,6,February,Customs Export Declaration,DE → CN,Kuehne+Nagel,37,571,534,100.0,Auto-approved,,,,No,No,0.62,95-100% (Excellent),Customs
DOC-5002,2026-02-23,08:53,9,February,Customs Export Declaration,DE → FR,Kuehne+Nagel,57,720,663,94.1,Auto-approved,,,,No,No,0.95,85-95% (Good),Customs
DOC-5003,2026-02-14,07:41,7,February,Customs Export Declaration,DE → FR,DHL Freight,46,629,583,75.9,Human review,UN number mismatch,,,No,No,0.77,75-85% (Review),Customs
DOC-5004,2026-01-31,04:30,5,January,CMR Waybill,DE → FR,DSV,41,541,500,90.5,Auto-approved,,,,No,No,0.68,85-95% (Good),Transport
DOC-5005,2026-02-17,05:38,8,February,DG Declaration (IATA),DE → JP,DHL Freight,56,643,587,83.9,Human review,UN number mismatch,Class 4 (Flammable solids),UN3358,Yes,No,0.93,75-85% (Review),Dangerous Goods
DOC-5006,2026-02-18,12:45,8,February,Commercial Invoice,DE → CN,DHL Freight,9,684,675,85.8,Human review,Wrong DG class,,,No,No,0.15,85-95% (Good),Finance
DOC-5007,2026-03-18,03:50,12,March,Customs Export Declaration,DE → JP,DHL Freight,39,569,530,99.1,Auto-approved,,,,No,No,0.65,95-100% (Excellent),Customs
DOC-5008,2026-03-06,20:21,10,March,DG Declaration (ADR),DE → PL,Kuehne+Nagel,62,650,588,85.0,Human review,,Class 9 (Misc dangerous),UN2883,Yes,No,1.03,75-85% (Review),Dangerous Goods
DOC-5009,2026-02-25,05:46,9,February,Customs Export Declaration,DE → GB,Rhenus,28,592,564,82.5,Human review,,,,No,No,0.47,75-85% (Review),Customs
DOC-5010,2026-03-17,08:20,12,March,Customs Export Declaration,DE → CN,DHL Freight,43,660,617,100.0,Auto-approved,,,,No,No,0.72,95-100% (Excellent),Customs
DOC-5011,2026-03-14,19:42,11,March,DG Declaration (ADR),DE → CH,Rhenus,79,531,452,90.4,Auto-approved,,Class 3 (Flammable liquids),UN2997,Yes,No,1.32,85-95% (Good),Dangerous Goods
DOC-5012,2026-02-03,10:17,6,February,Customs Export Declaration,DE → JP,Rhenus,34,526,492,90.1,Auto-approved,,,,No,No,0.57,85-95% (Good),Customs
DOC-5013,2026-01-31,23:26,5,January,Customs Export Declaration,DE → IT,DSV,46,598,552,82.3,Human review,,,,No,No,0.77,75-85% (Review),Customs
DOC-5014,2026-01-03,02:18,1,January,DG Declaration (IATA),DE → CN,Kuehne+Nagel,52,607,555,82.4,Human review,,Class 6 (Toxic),UN3267,Yes,No,0.87,75-85% (Review),Dangerous Goods
DOC-5015,2026-02-24,23:35,9,February,DG Declaration (IMDG),DE → US,Rhenus,63,556,493,82.7,Human review,Invalid HS code,Class 9 (Misc dangerous),UN1788,Yes,No,1.05,75-85% (Review),Dangerous Goods
DOC-5016,2026-03-10,22:11,11,March,Customs Export Declaration,DE → CN,DB Schenker,44,662,618,87.4,Human review,,,,No,No,0.73,85-95% (Good),Customs
DOC-5017,2026-03-18,09:06,12,March,DG Declaration (IMDG),DE → CN,Rhenus,66,510,444,92.4,Auto-approved,,Class 2 (Gases),UN3187,Yes,No,1.1,85-95% (Good),Dangerous Goods
DOC-5018,2026-01-06,01:35,2,January,CMR Waybill,DE → TR,DB Schenker,19,618,599,84.1,Human review,UN number mismatch,,,No,No,0.32,75-85% (Review),Transport
DOC-5019,2026-03-02,15:28,10,March,Customs Export Declaration,DE → US,DB Schenker,52,687,635,91.9,Auto-approved,,,,No,No,0.87,85-95% (Good),Customs
DOC-5020,2026-01-15,02:25,3,January,CMR Waybill,DE → IT,DHL Freight,17,500,483,88.0,Human review,Wrong DG class,,,No,No,0.28,85-95% (Good),Transport
DOC-5021,2026-02-01,03:35,5,February,DG Declaration (IATA),DE → CH,DSV,44,698,654,82.5,Human review,,Class 6 (Toxic),UN2845,Yes,No,0.73,75-85% (Review),Dangerous Goods
DOC-5022,2026-02-08,18:27,6,February,Customs Export Declaration,DE → TR,DSV,35,707,672,86.4,Human review,,,,No,No,0.58,85-95% (Good),Customs
DOC-5023,2026-01-27,20:13,5,January,Customs Export Declaration,DE → TR,DHL Freight,48,498,450,96.6,Auto-approved,,,,No,No,0.8,95-100% (Excellent),Customs
DOC-5024,2026-01-01,13:28,1,January,EUR.1 Certificate,DE → JP,Kuehne+Nagel,33,650,617,97.9,Auto-approved,,,,No,No,0.55,95-100% (Excellent),Customs
DOC-5025,2026-02-28,02:43,9,February,Customs Export Declaration,DE → CN,Rhenus,48,704,656,83.5,Human review,,,,No,No,0.8,75-85% (Review),Customs
DOC-5026,2026-02-24,03:34,9,February,Customs Export Declaration,DE → CN,DB Schenker,61,670,609,85.9,Human review,Missing packing group,,,No,No,1.02,85-95% (Good),Customs
DOC-5027,2026-03-18,23:52,12,March,Customs Export Declaration,DE → JP,Rhenus,35,553,518,95.9,Auto-approved,,,,No,No,0.58,95-100% (Excellent),Customs
DOC-5028,2026-02-21,08:32,8,February,CMR Waybill,DE → GB,Kuehne+Nagel,18,693,675,96.6,Auto-approved,,,,No,No,0.3,95-100% (Excellent),Transport
DOC-5029,2026-02-11,19:16,7,February,DG Declaration (IMDG),DE → PL,DHL Freight,67,708,641,98.4,Auto-approved,,Class 8 (Corrosive),UN3404,Yes,No,1.12,95-100% (Excellent),Dangerous Goods
DOC-5030,2026-02-04,18:02,6,February,CMR Waybill,DE → NL,Kuehne+Nagel,19,547,528,92.1,Auto-approved,,,,No,No,0.32,85-95% (Good),Transport
DOC-5031,2026-03-16,13:40,12,March,CMR Waybill,DE → IT,DHL Freight,20,557,537,94.3,Auto-approved,,,,No,No,0.33,85-95% (Good),Transport
DOC-5032,2026-01-14,05:21,3,January,DG Declaration (IMDG),DE → CH,Kuehne+Nagel,59,589,530,100.0,Auto-approved,,Class 8 (Corrosive),UN1150,Yes,No,0.98,95-100% (Excellent),Dangerous Goods
DOC-5033,2026-02-10,08:20,7,February,EUR.1 Certificate,DE → FR,Kuehne+Nagel,47,579,532,83.2,Human review,Quantity mismatch,,,No,No,0.78,75-85% (Review),Customs
DOC-5034,2026-01-25,16:23,4,January,DG Declaration (ADR),DE → JP,Kuehne+Nagel,48,691,643,79.6,Human review,Missing packing group,Class 4 (Flammable solids),UN2794,Yes,No,0.8,75-85% (Review),Dangerous Goods
DOC-5035,2026-03-04,03:01,10,March,DG Declaration (IMDG),DE → JP,DB Schenker,63,718,655,82.2,Human review,Invalid EORI number,Class 2 (Gases),UN1920,Yes,No,1.05,75-85% (Review),Dangerous Goods
DOC-5036,2026-01-15,14:07,3,January,CMR Waybill,DE → NL,Kuehne+Nagel,38,649,611,90.6,Auto-approved,,,,No,No,0.63,85-95% (Good),Transport
DOC-5037,2026-02-23,15:30,9,February,DG Declaration (IMDG),DE → CN,Kuehne+Nagel,56,687,631,85.8,Human review,,Class 8 (Corrosive),UN1559,Yes,No,0.93,85-95% (Good),Dangerous Goods
DOC-5038,2026-02-05,13:21,6,February,CMR Waybill,DE → GB,Rhenus,33,688,655,87.8,Human review,Quantity mismatch,,,No,No,0.55,85-95% (Good),Transport
DOC-5039,2026-02-27,17:30,9,February,DG Declaration (IMDG),DE → US,Rhenus,53,715,662,85.2,Human review,,Class 4 (Flammable solids),UN1772,Yes,No,0.88,85-95% (Good),Dangerous Goods
DOC-5040,2026-01-31,18:24,5,January,CMR Waybill,DE → CN,Kuehne+Nagel,46,649,603,96.1,Auto-approved,,,,No,No,0.77,95-100% (Excellent),Transport
DOC-5041,2026-02-18,12:42,8,February,Customs Export Declaration,DE → NL,Kuehne+Nagel,50,712,662,92.2,Auto-approved,,,,No,No,0.83,85-95% (Good),Customs
DOC-5042,2026-02-12,03:55,7,February,Customs Export Declaration,DE → IT,DHL Freight,34,653,619,91.7,Auto-approved,,,,No,No,0.57,85-95% (Good),Customs
DOC-5043,2026-02-22,20:09,8,February,Customs Export Declaration,DE → FR,Kuehne+Nagel,47,575,528,87.6,Human review,,,,No,No,0.78,85-95% (Good),Customs
DOC-5044,2026-01-11,10:54,2,January,Customs Export Declaration,DE → GB,Kuehne+Nagel,58,693,635,90.2,Auto-approved,,,,No,No,0.97,85-95% (Good),Customs
DOC-5045,2026-03-04,17:02,10,March,Customs Export Declaration,DE → JP,DHL Freight,46,549,503,100.0,Auto-approved,,,,No,No,0.77,95-100% (Excellent),Customs
DOC-5046,2026-01-30,23:05,5,January,Customs Export Declaration,DE → CH,DHL Freight,46,647,601,82.1,Human review,Missing packing group,,,No,No,0.77,75-85% (Review),Customs
DOC-5047,2026-01-04,01:20,1,January,Customs Export Declaration,DE → PL,Rhenus,38,539,501,98.8,Auto-approved,,,,No,No,0.63,95-100% (Excellent),Customs
DOC-5048,2026-02-22,18:43,8,February,DG Declaration (IATA),DE → NL,DB Schenker,61,599,538,96.6,Auto-approved,,Class 6 (Toxic),UN1986,Yes,No,1.02,95-100% (Excellent),Dangerous Goods
DOC-5049,2026-03-16,04:14,12,March,DG Declaration (ADR),DE → IT,Rhenus,46,643,597,90.6,Auto-approved,,Class 6 (Toxic),UN2178,Yes,No,0.77,85-95% (Good),Dangerous Goods
DOC-5050,2026-01-21,02:28,4,January,DG Declaration (ADR),DE → US,DSV,52,590,538,100.0,Auto-approved,,Class 9 (Misc dangerous),UN2024,Yes,No,0.87,95-100% (Excellent),Dangerous Goods
DOC-5051,2026-02-08,06:24,6,February,Customs Export Declaration,DE → IT,DHL Freight,46,618,572,100.0,Auto-approved,,,,No,No,0.77,95-100% (Excellent),Customs
DOC-5052,2026-02-07,00:53,6,February,Customs Export Declaration,DE → CH,Rhenus,65,667,602,93.7,Auto-approved,,,,No,No,1.08,85-95% (Good),Customs
DOC-5053,2026-01-07,19:47,2,January,Commercial Invoice,DE → IT,Rhenus,26,533,507,88.0,Human review,,,,No,No,0.43,85-95% (Good),Finance
DOC-5054,2026-01-25,19:16,4,January,DG Declaration (IATA),DE → NL,DHL Freight,67,568,501,82.2,Human review,Quantity mismatch,Class 2 (Gases),UN3373,Yes,No,1.12,75-85% (Review),Dangerous Goods
DOC-5055,2026-01-17,02:58,3,January,DG Declaration (IMDG),DE → TR,Rhenus,65,699,634,83.6,Human review,Missing emergency contact,Class 8 (Corrosive),UN3055,Yes,No,1.08,75-85% (Review),Dangerous Goods
DOC-5056,2026-01-22,08:58,4,January,Customs Export Declaration,DE → IT,Rhenus,45,514,469,86.6,Human review,Invalid HS code,,,No,No,0.75,85-95% (Good),Customs
DOC-5057,2026-01-29,21:46,5,January,CMR Waybill,DE → CH,DSV,18,483,465,100.0,Auto-approved,,,,No,No,0.3,95-100% (Excellent),Transport
DOC-5058,2026-03-10,03:29,11,March,Customs Export Declaration,DE → US,Rhenus,29,506,477,86.4,Human review,,,,No,No,0.48,85-95% (Good),Customs
DOC-5059,2026-01-30,15:01,5,January,DG Declaration (ADR),DE → JP,DSV,54,632,578,96.5,Auto-approved,,Class 9 (Misc dangerous),UN1258,Yes,No,0.9,95-100% (Excellent),Dangerous Goods
DOC-5060,2026-03-01,22:19,9,March,EUR.1 Certificate,DE → CH,DHL Freight,50,553,503,100.0,Auto-approved,,,,No,No,0.83,95-100% (Excellent),Customs
DOC-5061,2026-03-05,03:06,10,March,DG Declaration (IATA),DE → CN,DSV,62,581,519,93.8,Auto-approved,,Class 9 (Misc dangerous),UN3212,Yes,No,1.03,85-95% (Good),Dangerous Goods
DOC-5062,2026-01-20,13:41,4,January,DG Declaration (IMDG),DE → FR,Kuehne+Nagel,47,587,540,77.0,Human review,Missing emergency contact,Class 3 (Flammable liquids),UN2816,Yes,No,0.78,75-85% (Review),Dangerous Goods
DOC-5063,2026-01-31,11:06,5,January,DG Declaration (IATA),DE → US,DSV,67,708,641,82.2,Human review,Wrong DG class,Class 3 (Flammable liquids),UN1500,Yes,No,1.12,75-85% (Review),Dangerous Goods
DOC-5064,2026-02-28,02:42,9,February,CMR Waybill,DE → CN,DSV,33,560,527,92.6,Auto-approved,,,,No,No,0.55,85-95% (Good),Transport
DOC-5065,2026-01-17,18:13,3,January,CMR Waybill,DE → FR,DSV,32,689,657,97.7,Auto-approved,,,,No,No,0.53,95-100% (Excellent),Transport
DOC-5066,2026-02-12,04:50,7,February,Customs Export Declaration,DE → JP,DHL Freight,40,717,677,100.0,Auto-approved,,,,No,No,0.67,95-100% (Excellent),Customs
DOC-5067,2026-03-11,08:51,11,March,Customs Export Declaration,DE → NL,DHL Freight,44,484,440,91.6,Auto-approved,,,,No,No,0.73,85-95% (Good),Customs
DOC-5068,2026-01-31,18:20,5,January,Customs Export Declaration,DE → PL,DB Schenker,44,581,537,96.6,Auto-approved,,,,No,No,0.73,95-100% (Excellent),Customs
DOC-5069,2026-01-15,23:04,3,January,Customs Export Declaration,DE → IT,Kuehne+Nagel,47,707,660,84.7,Human review,Incorrect consignee address,,,No,No,0.78,75-85% (Review),Customs
DOC-5070,2026-01-06,23:50,2,January,Customs Export Declaration,DE → GB,Rhenus,20,495,475,97.7,Auto-approved,,,,No,No,0.33,95-100% (Excellent),Customs
DOC-5071,2026-03-03,12:27,10,March,Commercial Invoice,DE → FR,Kuehne+Nagel,22,557,535,85.6,Human review,,,,No,No,0.37,85-95% (Good),Finance
DOC-5072,2026-01-19,02:08,4,January,CMR Waybill,DE → TR,DSV,22,589,567,86.5,Human review,Wrong DG class,,,No,No,0.37,85-95% (Good),Transport
DOC-5073,2026-03-19,13:06,12,March,Customs Export Declaration,DE → FR,DSV,44,535,491,88.2,Human review,,,,No,No,0.73,85-95% (Good),Customs
DOC-5074,2026-02-13,14:25,7,February,DG Declaration (IATA),DE → CH,DHL Freight,52,709,657,93.6,Auto-approved,,Class 4 (Flammable solids),UN2533,Yes,No,0.87,85-95% (Good),Dangerous Goods
DOC-5075,2026-03-02,02:05,10,March,DG Declaration (ADR),DE → FR,DHL Freight,45,614,569,92.8,Auto-approved,,Class 4 (Flammable solids),UN1532,Yes,No,0.75,85-95% (Good),Dangerous Goods
DOC-5076,2026-03-17,17:35,12,March,Commercial Invoice,DE → US,DHL Freight,8,706,698,100.0,Auto-approved,,,,No,No,0.13,95-100% (Excellent),Finance
DOC-5077,2026-02-24,23:03,9,February,DG Declaration (ADR),DE → TR,DSV,58,517,459,91.0,Auto-approved,,Class 8 (Corrosive),UN1871,Yes,No,0.97,85-95% (Good),Dangerous Goods
DOC-5078,2026-03-03,07:54,10,March,Customs Export Declaration,DE → FR,Rhenus,50,618,568,87.5,Human review,,,,No,No,0.83,85-95% (Good),Customs
DOC-5079,2026-02-24,17:49,9,February,Customs Export Declaration,DE → JP,DSV,39,638,599,85.0,Human review,,,,No,No,0.65,75-85% (Review),Customs
DOC-5080,2026-02-04,00:11,6,February,DG Declaration (IMDG),DE → TR,Rhenus,73,497,424,84.9,Human review,Missing packing group,Class 8 (Corrosive),UN2641,Yes,No,1.22,75-85% (Review),Dangerous Goods
DOC-5081,2026-01-04,02:47,1,January,Customs Export Declaration,DE → GB,DB Schenker,37,518,481,98.4,Auto-approved,,,,No,No,0.62,95-100% (Excellent),Customs
DOC-5082,2026-02-09,23:20,7,February,DG Declaration (IMDG),DE → JP,DSV,68,545,477,89.2,Human review,UN number mismatch,Class 9 (Misc dangerous),UN1334,Yes,No,1.13,85-95% (Good),Dangerous Goods
DOC-5083,2026-02-24,15:38,9,February,Commercial Invoice,DE → IT,Kuehne+Nagel,23,507,484,100.0,Auto-approved,,,,No,No,0.38,95-100% (Excellent),Finance
DOC-5084,2026-02-25,03:18,9,February,DG Declaration (ADR),DE → JP,Kuehne+Nagel,52,552,500,87.0,Human review,UN number mismatch,Class 2 (Gases),UN1837,Yes,No,0.87,85-95% (Good),Dangerous Goods
DOC-5085,2026-01-28,04:48,5,January,Customs Export Declaration,DE → TR,Rhenus,44,659,615,93.8,Auto-approved,,,,No,No,0.73,85-95% (Good),Customs
DOC-5086,2026-01-23,04:24,4,January,EUR.1 Certificate,DE → GB,DB Schenker,16,673,657,93.0,Auto-approved,,,,No,No,0.27,85-95% (Good),Customs
DOC-5087,2026-01-10,12:55,2,January,DG Declaration (ADR),DE → PL,Kuehne+Nagel,82,618,536,89.9,Human review,,Class 8 (Corrosive),UN2758,Yes,No,1.37,85-95% (Good),Dangerous Goods
DOC-5088,2026-02-23,09:07,9,February,Customs Export Declaration,DE → CH,DHL Freight,51,707,656,92.1,Auto-approved,,,,No,No,0.85,85-95% (Good),Customs
DOC-5089,2026-02-28,22:58,9,February,Customs Export Declaration,DE → US,DHL Freight,41,585,544,94.3,Auto-approved,,,,No,No,0.68,85-95% (Good),Customs
DOC-5090,2026-02-21,16:05,8,February,Customs Export Declaration,DE → CH,Rhenus,45,498,453,88.0,Human review,,,,No,No,0.75,85-95% (Good),Customs
DOC-5091,2026-01-15,16:32,3,January,DG Declaration (IMDG),DE → CN,Rhenus,50,537,487,100.0,Auto-approved,,Class 9 (Misc dangerous),UN1604,Yes,No,0.83,95-100% (Excellent),Dangerous Goods
DOC-5092,2026-01-19,08:12,4,January,CMR Waybill,DE → NL,DSV,40,498,458,100.0,Auto-approved,,,,No,No,0.67,95-100% (Excellent),Transport
DOC-5093,2026-03-05,14:48,10,March,DG Declaration (ADR),DE → JP,DSV,38,687,649,93.0,Auto-approved,,Class 8 (Corrosive),UN2323,Yes,No,0.63,85-95% (Good),Dangerous Goods
DOC-5094,2026-02-10,04:28,7,February,Customs Export Declaration,DE → FR,Kuehne+Nagel,37,546,509,95.1,Auto-approved,,,,No,No,0.62,95-100% (Excellent),Customs
DOC-5095,2026-01-08,11:32,2,January,DG Declaration (ADR),DE → FR,Rhenus,57,628,571,88.5,Human review,Wrong DG class,Class 2 (Gases),UN1369,Yes,No,0.95,85-95% (Good),Dangerous Goods
DOC-5096,2026-03-06,12:29,10,March,EUR.1 Certificate,DE → JP,DSV,51,557,506,89.7,Human review,Incorrect consignee address,,,No,No,0.85,85-95% (Good),Customs
DOC-5097,2026-03-02,16:09,10,March,DG Declaration (ADR),DE → PL,Kuehne+Nagel,77,601,524,97.1,Auto-approved,,Class 4 (Flammable solids),UN1345,Yes,No,1.28,95-100% (Excellent),Dangerous Goods
DOC-5098,2026-01-23,01:15,4,January,EUR.1 Certificate,DE → IT,Kuehne+Nagel,21,567,546,91.6,Auto-approved,,,,No,No,0.35,85-95% (Good),Customs
DOC-5099,2026-02-06,12:26,6,February,CMR Waybill,DE → US,DSV,43,560,517,96.2,Auto-approved,,,,No,No,0.72,95-100% (Excellent),Transport
DOC-5100,2026-02-12,03:35,7,February,Customs Export Declaration,DE → CH,Rhenus,45,711,666,100.0,Auto-approved,,,,No,No,0.75,95-100% (Excellent),Customs
DOC-5101,2026-03-19,04:21,12,March,CMR Waybill,DE → FR,DSV,18,511,493,79.6,Human review,Invalid EORI number,,,No,No,0.3,75-85% (Review),Transport
DOC-5102,2026-01-11,09:35,2,January,DG Declaration (IATA),DE → CH,Rhenus,61,502,441,78.4,Human review,,Class 9 (Misc dangerous),UN3156,Yes,No,1.02,75-85% (Review),Dangerous Goods
DOC-5103,2026-02-24,16:23,9,February,DG Declaration (IMDG),DE → PL,Rhenus,56,526,470,100.0,Auto-approved,,Class 4 (Flammable solids),UN2991,Yes,No,0.93,95-100% (Excellent),Dangerous Goods
DOC-5104,2026-01-18,04:04,3,January,Customs Export Declaration,DE → TR,DHL Freight,33,657,624,92.6,Auto-approved,,,,No,No,0.55,85-95% (Good),Customs
DOC-5105,2026-03-09,01:42,11,March,DG Declaration (IATA),DE → US,DSV,62,680,618,93.0,Auto-approved,,Class 3 (Flammable liquids),UN1740,Yes,No,1.03,85-95% (Good),Dangerous Goods
DOC-5106,2026-01-22,23:28,4,January,Customs Export Declaration,DE → PL,Kuehne+Nagel,35,713,678,100.0,Auto-approved,,,,No,No,0.58,95-100% (Excellent),Customs
DOC-5107,2026-02-06,23:50,6,February,DG Declaration (ADR),DE → IT,DB Schenker,52,568,516,86.7,Human review,,Class 6 (Toxic),UN1794,Yes,No,0.87,85-95% (Good),Dangerous Goods
DOC-5108,2026-03-15,14:29,11,March,DG Declaration (ADR),DE → TR,Kuehne+Nagel,50,690,640,87.9,Human review,Incorrect consignee address,Class 8 (Corrosive),UN1566,Yes,No,0.83,85-95% (Good),Dangerous Goods
DOC-5109,2026-01-07,20:30,2,January,EUR.1 Certificate,DE → US,DSV,49,510,461,88.6,Human review,,,,No,No,0.82,85-95% (Good),Customs
DOC-5110,2026-01-11,05:17,2,January,CMR Waybill,DE → IT,DSV,36,707,671,99.0,Auto-approved,,,,No,No,0.6,95-100% (Excellent),Transport
DOC-5111,2026-01-29,14:56,5,January,Customs Export Declaration,DE → US,DHL Freight,36,570,534,96.6,Auto-approved,,,,No,No,0.6,95-100% (Excellent),Customs
DOC-5112,2026-02-19,02:23,8,February,DG Declaration (ADR),DE → CN,DHL Freight,58,670,612,90.9,Auto-approved,,Class 9 (Misc dangerous),UN2373,Yes,No,0.97,85-95% (Good),Dangerous Goods
DOC-5113,2026-01-18,01:18,3,January,Customs Export Declaration,DE → IT,DB Schenker,46,697,651,85.1,Human review,,,,No,No,0.77,85-95% (Good),Customs
DOC-5114,2026-01-03,08:13,1,January,Commercial Invoice,DE → NL,DSV,38,666,628,89.5,Human review,,,,No,No,0.63,85-95% (Good),Finance
DOC-5115,2026-01-31,09:07,5,January,CMR Waybill,DE → PL,DB Schenker,14,590,576,99.0,Auto-approved,,,,No,No,0.23,95-100% (Excellent),Transport
DOC-5116,2026-01-15,15:38,3,January,Customs Export Declaration,DE → GB,DHL Freight,36,550,514,86.2,Human review,,,,No,No,0.6,85-95% (Good),Customs
DOC-5117,2026-01-01,19:22,1,January,DG Declaration (IATA),DE → CN,DSV,42,714,672,93.2,Auto-approved,,Class 2 (Gases),UN3144,Yes,No,0.7,85-95% (Good),Dangerous Goods
DOC-5118,2026-01-09,16:34,2,January,DG Declaration (IMDG),DE → GB,DSV,56,715,659,85.7,Human review,,Class 9 (Misc dangerous),UN2584,Yes,No,0.93,85-95% (Good),Dangerous Goods
DOC-5119,2026-02-02,23:01,6,February,Customs Export Declaration,DE → US,DHL Freight,36,631,595,100.0,Auto-approved,,,,No,No,0.6,95-100% (Excellent),Customs
DOC-5120,2026-03-16,23:48,12,March,CMR Waybill,DE → US,DB Schenker,42,675,633,95.4,Auto-approved,,,,No,No,0.7,95-100% (Excellent),Transport
DOC-5121,2026-01-23,21:29,4,January,DG Declaration (IMDG),DE → IT,DB Schenker,66,550,484,85.7,Human review,,Class 6 (Toxic),UN1151,Yes,No,1.1,85-95% (Good),Dangerous Goods
DOC-5122,2026-01-06,06:56,2,January,CMR Waybill,DE → PL,Rhenus,41,610,569,89.6,Human review,,,,No,No,0.68,85-95% (Good),Transport
DOC-5123,2026-02-02,01:48,6,February,DG Declaration (IMDG),DE → CN,Rhenus,54,546,492,97.5,Auto-approved,,Class 9 (Misc dangerous),UN2359,Yes,No,0.9,95-100% (Excellent),Dangerous Goods
DOC-5124,2026-02-17,13:56,8,February,Customs Export Declaration,DE → CH,Kuehne+Nagel,53,599,546,88.7,Human review,,,,No,No,0.88,85-95% (Good),Customs
DOC-5125,2026-03-05,11:59,10,March,Customs Export Declaration,DE → GB,Rhenus,50,611,561,82.3,Human review,Missing packing group,,,No,No,0.83,75-85% (Review),Customs
DOC-5126,2026-02-11,03:05,7,February,Customs Export Declaration,DE → US,Rhenus,40,582,542,100.0,Auto-approved,,,,No,No,0.67,95-100% (Excellent),Customs
DOC-5127,2026-02-26,11:28,9,February,Commercial Invoice,DE → PL,Rhenus,17,670,653,88.1,Human review,,,,No,No,0.28,85-95% (Good),Finance
DOC-5128,2026-01-08,02:42,2,January,CMR Waybill,DE → CH,Rhenus,13,518,505,92.0,Auto-approved,,,,No,No,0.22,85-95% (Good),Transport
DOC-5129,2026-01-04,04:54,1,January,CMR Waybill,DE → JP,Kuehne+Nagel,34,667,633,93.6,Auto-approved,,,,No,No,0.57,85-95% (Good),Transport
DOC-5130,2026-02-16,11:24,8,February,Customs Export Declaration,DE → JP,DHL Freight,33,569,536,86.5,Human review,,,,No,No,0.55,85-95% (Good),Customs
DOC-5131,2026-01-10,18:08,2,January,Customs Export Declaration,DE → GB,Rhenus,33,540,507,99.1,Auto-approved,,,,No,No,0.55,95-100% (Excellent),Customs
DOC-5132,2026-01-15,00:47,3,January,CMR Waybill,DE → NL,Kuehne+Nagel,8,508,500,91.3,Auto-approved,,,,No,No,0.13,85-95% (Good),Transport
DOC-5133,2026-02-03,22:28,6,February,Commercial Invoice,DE → CN,DSV,20,598,578,100.0,Auto-approved,,,,No,No,0.33,95-100% (Excellent),Finance
DOC-5134,2026-01-16,04:54,3,January,Customs Export Declaration,DE → FR,Kuehne+Nagel,52,719,667,100.0,Auto-approved,,,,No,No,0.87,95-100% (Excellent),Customs
DOC-5135,2026-02-10,21:22,7,February,DG Declaration (ADR),DE → FR,DSV,40,670,630,84.1,Human review,,Class 9 (Misc dangerous),UN1713,Yes,No,0.67,75-85% (Review),Dangerous Goods
DOC-5136,2026-03-07,07:07,10,March,Customs Export Declaration,DE → CN,DB Schenker,46,567,521,100.0,Auto-approved,,,,No,No,0.77,95-100% (Excellent),Customs
DOC-5137,2026-03-15,11:29,11,March,CMR Waybill,DE → GB,DB Schenker,27,554,527,91.1,Auto-approved,,,,No,No,0.45,85-95% (Good),Transport
DOC-5138,2026-03-03,16:26,10,March,CMR Waybill,DE → CH,DSV,54,634,580,100.0,Auto-approved,,,,No,No,0.9,95-100% (Excellent),Transport
DOC-5139,2026-02-27,14:43,9,February,Customs Export Declaration,DE → GB,Rhenus,58,612,554,100.0,Auto-approved,,,,No,No,0.97,95-100% (Excellent),Customs
DOC-5140,2026-03-17,05:49,12,March,DG Declaration (ADR),DE → NL,Kuehne+Nagel,40,553,513,87.7,Human review,,Class 8 (Corrosive),UN1626,Yes,No,0.67,85-95% (Good),Dangerous Goods
DOC-5141,2026-01-21,10:59,4,January,DG Declaration (IMDG),DE → CN,Rhenus,76,632,556,85.3,Human review,Invalid HS code,Class 4 (Flammable solids),UN1804,Yes,No,1.27,85-95% (Good),Dangerous Goods
DOC-5142,2026-03-12,08:08,11,March,Customs Export Declaration,DE → TR,DSV,33,520,487,91.3,Auto-approved,,,,No,No,0.55,85-95% (Good),Customs
DOC-5143,2026-03-16,04:10,12,March,CMR Waybill,DE → JP,DSV,18,490,472,100.0,Auto-approved,,,,No,No,0.3,95-100% (Excellent),Transport
DOC-5144,2026-01-04,02:02,1,January,DG Declaration (ADR),DE → JP,Rhenus,50,600,550,78.3,Human review,,Class 9 (Misc dangerous),UN1124,Yes,No,0.83,75-85% (Review),Dangerous Goods
DOC-5145,2026-03-11,09:41,11,March,Customs Export Declaration,DE → TR,Kuehne+Nagel,46,577,531,100.0,Auto-approved,,,,No,No,0.77,95-100% (Excellent),Customs
DOC-5146,2026-02-28,02:44,9,February,DG Declaration (IMDG),DE → PL,DB Schenker,54,626,572,91.0,Auto-approved,,Class 3 (Flammable liquids),UN2393,Yes,No,0.9,85-95% (Good),Dangerous Goods
DOC-5147,2026-02-10,22:20,7,February,CMR Waybill,DE → US,Kuehne+Nagel,37,615,578,97.9,Auto-approved,,,,No,No,0.62,95-100% (Excellent),Transport
DOC-5148,2026-02-10,07:29,7,February,Customs Export Declaration,DE → FR,Rhenus,40,492,452,94.2,Auto-approved,,,,No,No,0.67,85-95% (Good),Customs
DOC-5149,2026-02-19,19:26,8,February,Customs Export Declaration,DE → CN,DB Schenker,54,526,472,78.0,Human review,,,,No,No,0.9,75-85% (Review),Customs
DOC-5150,2026-01-21,15:32,4,January,EUR.1 Certificate,DE → IT,Kuehne+Nagel,44,601,557,87.3,Human review,Invalid EORI number,,,No,No,0.73,85-95% (Good),Customs
DOC-5151,2026-01-31,06:37,5,January,DG Declaration (IATA),DE → US,DHL Freight,66,549,483,90.6,Auto-approved,,Class 9 (Misc dangerous),UN2927,Yes,No,1.1,85-95% (Good),Dangerous Goods
DOC-5152,2026-01-02,03:27,1,January,DG Declaration (ADR),DE → NL,Rhenus,58,615,557,76.2,Human review,Invalid EORI number,Class 2 (Gases),UN3335,Yes,No,0.97,75-85% (Review),Dangerous Goods
DOC-5153,2026-02-16,17:18,8,February,DG Declaration (ADR),DE → FR,Kuehne+Nagel,43,575,532,87.7,Human review,Invalid HS code,Class 3 (Flammable liquids),UN1396,Yes,No,0.72,85-95% (Good),Dangerous Goods
DOC-5154,2026-02-13,17:23,7,February,Customs Export Declaration,DE → NL,DB Schenker,37,513,476,88.7,Human review,UN number mismatch,,,No,No,0.62,85-95% (Good),Customs
DOC-5155,2026-02-12,15:33,7,February,Customs Export Declaration,DE → IT,DB Schenker,36,519,483,87.8,Human review,Missing emergency contact,,,No,No,0.6,85-95% (Good),Customs
DOC-5156,2026-02-08,18:21,6,February,Customs Export Declaration,DE → GB,DSV,30,552,522,90.8,Auto-approved,,,,No,No,0.5,85-95% (Good),Customs
DOC-5157,2026-01-03,11:21,1,January,DG Declaration (IMDG),DE → FR,Kuehne+Nagel,50,623,573,81.7,Human review,,Class 9 (Misc dangerous),UN1109,Yes,No,0.83,75-85% (Review),Dangerous Goods
DOC-5158,2026-02-03,20:50,6,February,Customs Export Declaration,DE → JP,DSV,45,595,550,95.3,Auto-approved,,,,No,No,0.75,95-100% (Excellent),Customs
DOC-5159,2026-03-09,20:46,11,March,Customs Export Declaration,DE → JP,Kuehne+Nagel,54,488,434,100.0,Auto-approved,,,,No,No,0.9,95-100% (Excellent),Customs
DOC-5160,2026-01-15,06:01,3,January,Customs Export Declaration,DE → IT,Rhenus,36,529,493,96.5,Auto-approved,,,,No,No,0.6,95-100% (Excellent),Customs
DOC-5161,2026-03-06,19:58,10,March,DG Declaration (IATA),DE → IT,DHL Freight,52,606,554,79.9,Human review,,Class 9 (Misc dangerous),UN2959,Yes,No,0.87,75-85% (Review),Dangerous Goods
DOC-5162,2026-02-10,05:29,7,February,Customs Export Declaration,DE → GB,Rhenus,31,688,657,90.0,Auto-approved,,,,No,No,0.52,85-95% (Good),Customs
DOC-5163,2026-02-03,19:30,6,February,Commercial Invoice,DE → CN,DB Schenker,23,706,683,98.8,Auto-approved,,,,No,No,0.38,95-100% (Excellent),Finance
DOC-5164,2026-02-08,09:45,6,February,CMR Waybill,DE → CN,Kuehne+Nagel,26,704,678,98.9,Auto-approved,,,,No,No,0.43,95-100% (Excellent),Transport
DOC-5165,2026-02-05,09:07,6,February,Customs Export Declaration,DE → JP,DSV,25,676,651,100.0,Auto-approved,,,,No,No,0.42,95-100% (Excellent),Customs
DOC-5166,2026-01-19,09:02,4,January,Customs Export Declaration,DE → TR,DHL Freight,39,542,503,99.2,Auto-approved,,,,No,No,0.65,95-100% (Excellent),Customs
DOC-5167,2026-03-03,06:12,10,March,DG Declaration (IATA),DE → GB,Rhenus,69,641,572,83.6,Human review,Incorrect consignee address,Class 3 (Flammable liquids),UN1207,Yes,No,1.15,75-85% (Review),Dangerous Goods
DOC-5168,2026-03-09,07:40,11,March,Customs Export Declaration,DE → CN,DHL Freight,52,593,541,96.7,Auto-approved,,,,No,No,0.87,95-100% (Excellent),Customs
DOC-5169,2026-01-18,00:35,3,January,Customs Export Declaration,DE → NL,Kuehne+Nagel,33,636,603,81.2,Human review,,,,No,No,0.55,75-85% (Review),Customs
DOC-5170,2026-02-06,10:18,6,February,Commercial Invoice,DE → PL,DHL Freight,21,684,663,88.8,Human review,,,,No,No,0.35,85-95% (Good),Finance
DOC-5171,2026-01-05,05:26,2,January,DG Declaration (IMDG),DE → NL,DHL Freight,75,690,615,87.9,Human review,,Class 9 (Misc dangerous),UN2185,Yes,No,1.25,85-95% (Good),Dangerous Goods
DOC-5172,2026-01-02,09:36,1,January,DG Declaration (ADR),DE → JP,DHL Freight,68,606,538,85.3,Human review,,Class 9 (Misc dangerous),UN3225,Yes,No,1.13,85-95% (Good),Dangerous Goods
DOC-5173,2026-01-18,16:29,3,January,CMR Waybill,DE → TR,DB Schenker,33,636,603,87.2,Human review,,,,No,No,0.55,85-95% (Good),Transport
DOC-5174,2026-01-24,00:47,4,January,CMR Waybill,DE → US,Rhenus,15,678,663,88.1,Human review,Invalid EORI number,,,No,No,0.25,85-95% (Good),Transport
DOC-5175,2026-03-07,10:05,10,March,Customs Export Declaration,DE → CH,DHL Freight,47,558,511,96.5,Auto-approved,,,,No,No,0.78,95-100% (Excellent),Customs
DOC-5176,2026-02-01,00:16,5,February,Customs Export Declaration,DE → CH,DB Schenker,38,559,521,94.8,Auto-approved,,,,No,No,0.63,85-95% (Good),Customs
DOC-5177,2026-03-16,23:36,12,March,DG Declaration (ADR),DE → PL,Rhenus,51,518,467,79.2,Human review,Invalid HS code,Class 6 (Toxic),UN2256,Yes,No,0.85,75-85% (Review),Dangerous Goods
DOC-5178,2026-03-06,22:49,10,March,DG Declaration (ADR),DE → TR,DHL Freight,45,595,550,75.3,Human review,Incorrect consignee address,Class 3 (Flammable liquids),UN1547,Yes,No,0.75,75-85% (Review),Dangerous Goods
DOC-5179,2026-02-28,23:38,9,February,DG Declaration (ADR),DE → US,Kuehne+Nagel,53,663,610,73.2,Flagged,Missing emergency contact,Class 9 (Misc dangerous),UN1894,Yes,No,0.88,<75% (Flagged),Dangerous Goods
DOC-5180,2026-03-18,02:33,12,March,CMR Waybill,DE → IT,DSV,29,615,586,90.3,Auto-approved,,,,No,No,0.48,85-95% (Good),Transport
DOC-5181,2026-01-08,17:57,2,January,DG Declaration (IATA),DE → GB,DB Schenker,50,652,602,86.2,Human review,Quantity mismatch,Class 2 (Gases),UN1841,Yes,No,0.83,85-95% (Good),Dangerous Goods
DOC-5182,2026-03-04,02:57,10,March,EUR.1 Certificate,DE → GB,Kuehne+Nagel,39,590,551,85.8,Human review,,,,No,No,0.65,85-95% (Good),Customs
DOC-5183,2026-01-08,17:29,2,January,Customs Export Declaration,DE → TR,DHL Freight,30,659,629,100.0,Auto-approved,,,,No,No,0.5,95-100% (Excellent),Customs
DOC-5184,2026-03-16,02:02,12,March,DG Declaration (ADR),DE → CH,Rhenus,56,549,493,79.7,Human review,Invalid HS code,Class 6 (Toxic),UN1129,Yes,No,0.93,75-85% (Review),Dangerous Goods
DOC-5185,2026-01-24,04:49,4,January,Customs Export Declaration,DE → CH,Rhenus,55,689,634,92.7,Auto-approved,,,,No,No,0.92,85-95% (Good),Customs
DOC-5186,2026-02-18,12:05,8,February,CMR Waybill,DE → GB,DB Schenker,25,607,582,87.7,Human review,Invalid EORI number,,,No,No,0.42,85-95% (Good),Transport
DOC-5187,2026-01-29,00:48,5,January,Customs Export Declaration,DE → PL,Rhenus,29,582,553,95.6,Auto-approved,,,,No,No,0.48,95-100% (Excellent),Customs
DOC-5188,2026-02-18,07:15,8,February,Customs Export Declaration,DE → IT,Rhenus,49,690,641,96.7,Auto-approved,,,,No,No,0.82,95-100% (Excellent),Customs
DOC-5189,2026-01-15,01:51,3,January,DG Declaration (ADR),DE → CH,DSV,62,496,434,73.6,Flagged,UN number mismatch,Class 3 (Flammable liquids),UN1844,Yes,No,1.03,<75% (Flagged),Dangerous Goods
DOC-5190,2026-02-27,19:43,9,February,DG Declaration (ADR),DE → PL,DB Schenker,59,601,542,80.9,Human review,Incorrect consignee address,Class 2 (Gases),UN1573,Yes,No,0.98,75-85% (Review),Dangerous Goods
DOC-5191,2026-02-07,07:52,6,February,Customs Export Declaration,DE → JP,Rhenus,30,537,507,87.4,Human review,,,,No,No,0.5,85-95% (Good),Customs
DOC-5192,2026-01-19,21:33,4,January,Customs Export Declaration,DE → CN,Kuehne+Nagel,44,708,664,95.4,Auto-approved,,,,No,No,0.73,95-100% (Excellent),Customs
DOC-5193,2026-01-23,20:43,4,January,Commercial Invoice,DE → CH,DSV,-2,706,708,93.5,Auto-approved,,,,No,No,-0.03,85-95% (Good),Finance
DOC-5194,2026-02-18,16:20,8,February,DG Declaration (ADR),DE → CH,Kuehne+Nagel,66,538,472,93.5,Auto-approved,,Class 8 (Corrosive),UN2939,Yes,No,1.1,85-95% (Good),Dangerous Goods
DOC-5195,2026-01-29,09:54,5,January,CMR Waybill,DE → NL,Kuehne+Nagel,41,614,573,88.4,Human review,,,,No,No,0.68,85-95% (Good),Transport
DOC-5196,2026-01-18,12:15,3,January,DG Declaration (IMDG),DE → TR,DB Schenker,63,502,439,90.5,Auto-approved,,Class 6 (Toxic),UN2519,Yes,No,1.05,85-95% (Good),Dangerous Goods
DOC-5197,2026-01-25,01:17,4,January,Customs Export Declaration,DE → CH,DSV,29,595,566,84.4,Human review,Incorrect consignee address,,,No,No,0.48,75-85% (Review),Customs
DOC-5198,2026-02-12,09:58,7,February,EUR.1 Certificate,DE → PL,DB Schenker,59,699,640,86.1,Human review,Quantity mismatch,,,No,No,0.98,85-95% (Good),Customs
DOC-5199,2026-03-19,22:13,12,March,CMR Waybill,DE → CH,DB Schenker,14,554,540,89.1,Human review,Missing emergency contact,,,No,No,0.23,85-95% (Good),Transport
DOC-5200,2026-02-16,16:56,8,February,EUR.1 Certificate,DE → IT,Kuehne+Nagel,58,593,535,100.0,Auto-approved,,,,No,No,0.97,95-100% (Excellent),Customs
DOC-5201,2026-02-10,06:23,7,February,Commercial Invoice,DE → US,Kuehne+Nagel,44,658,614,97.0,Auto-approved,,,,No,No,0.73,95-100% (Excellent),Finance
DOC-5202,2026-01-03,08:35,1,January,CMR Waybill,DE → JP,DSV,28,571,543,87.2,Human review,Incorrect consignee address,,,No,No,0.47,85-95% (Good),Transport
DOC-5203,2026-02-01,15:35,5,February,Customs Export Declaration,DE → US,Rhenus,46,658,612,84.9,Human review,,,,No,No,0.77,75-85% (Review),Customs
DOC-5204,2026-02-28,05:46,9,February,DG Declaration (ADR),DE → US,DB Schenker,68,718,650,94.8,Auto-approved,,Class 3 (Flammable liquids),UN3220,Yes,No,1.13,85-95% (Good),Dangerous Goods
DOC-5205,2026-01-08,16:02,2,January,Customs Export Declaration,DE → FR,DHL Freight,46,536,490,85.8,Human review,,,,No,No,0.77,85-95% (Good),Customs
DOC-5206,2026-01-20,00:13,4,January,DG Declaration (ADR),DE → GB,Kuehne+Nagel,50,638,588,94.9,Auto-approved,,Class 9 (Misc dangerous),UN2979,Yes,No,0.83,85-95% (Good),Dangerous Goods
DOC-5207,2026-01-03,00:34,1,January,Customs Export Declaration,DE → GB,Kuehne+Nagel,57,546,489,93.6,Auto-approved,,,,No,No,0.95,85-95% (Good),Customs
DOC-5208,2026-02-06,00:32,6,February,DG Declaration (ADR),DE → CH,DB Schenker,64,526,462,90.0,Auto-approved,,Class 3 (Flammable liquids),UN1987,Yes,No,1.07,85-95% (Good),Dangerous Goods
DOC-5209,2026-03-09,08:52,11,March,EUR.1 Certificate,DE → US,Rhenus,36,710,674,90.3,Auto-approved,,,,No,No,0.6,85-95% (Good),Customs
DOC-5210,2026-02-28,18:15,9,February,Customs Export Declaration,DE → CN,Rhenus,37,686,649,80.6,Human review,,,,No,No,0.62,75-85% (Review),Customs
DOC-5211,2026-01-05,02:25,2,January,CMR Waybill,DE → CH,Kuehne+Nagel,27,482,455,92.2,Auto-approved,,,,No,No,0.45,85-95% (Good),Transport
DOC-5212,2026-01-22,02:31,4,January,DG Declaration (ADR),DE → CH,Rhenus,42,696,654,82.4,Human review,UN number mismatch,Class 3 (Flammable liquids),UN1865,Yes,No,0.7,75-85% (Review),Dangerous Goods
DOC-5213,2026-03-14,15:17,11,March,DG Declaration (ADR),DE → PL,DHL Freight,57,523,466,82.8,Human review,,Class 9 (Misc dangerous),UN1134,Yes,No,0.95,75-85% (Review),Dangerous Goods
DOC-5214,2026-02-10,00:13,7,February,EUR.1 Certificate,DE → JP,DB Schenker,35,552,517,81.9,Human review,Invalid HS code,,,No,No,0.58,75-85% (Review),Customs
DOC-5215,2026-03-14,07:36,11,March,EUR.1 Certificate,DE → CH,DSV,27,514,487,100.0,Auto-approved,,,,No,No,0.45,95-100% (Excellent),Customs
DOC-5216,2026-01-11,16:47,2,January,DG Declaration (IMDG),DE → US,DHL Freight,71,625,554,90.9,Auto-approved,,Class 2 (Gases),UN2395,Yes,No,1.18,85-95% (Good),Dangerous Goods
DOC-5217,2026-03-18,12:49,12,March,CMR Waybill,DE → US,DHL Freight,18,535,517,83.9,Human review,,,,No,No,0.3,75-85% (Review),Transport
DOC-5218,2026-03-12,12:27,11,March,Customs Export Declaration,DE → NL,DSV,43,628,585,90.5,Auto-approved,,,,No,No,0.72,85-95% (Good),Customs
DOC-5219,2026-02-01,22:04,5,February,Customs Export Declaration,DE → FR,Rhenus,54,632,578,100.0,Auto-approved,,,,No,No,0.9,95-100% (Excellent),Customs
DOC-5220,2026-02-19,10:23,8,February,EUR.1 Certificate,DE → FR,DHL Freight,44,566,522,93.2,Auto-approved,,,,No,No,0.73,85-95% (Good),Customs
DOC-5221,2026-02-04,03:08,6,February,DG Declaration (IMDG),DE → FR,DB Schenker,53,505,452,91.8,Auto-approved,,Class 8 (Corrosive),UN2671,Yes,No,0.88,85-95% (Good),Dangerous Goods
DOC-5222,2026-01-12,11:35,3,January,DG Declaration (IMDG),DE → FR,DSV,58,667,609,84.4,Human review,Wrong DG class,Class 6 (Toxic),UN2588,Yes,No,0.97,75-85% (Review),Dangerous Goods
DOC-5223,2026-03-13,07:36,11,March,CMR Waybill,DE → GB,DB Schenker,28,598,570,89.1,Human review,Wrong DG class,,,No,No,0.47,85-95% (Good),Transport
DOC-5224,2026-01-09,05:27,2,January,Customs Export Declaration,DE → TR,Kuehne+Nagel,40,567,527,100.0,Auto-approved,,,,No,No,0.67,95-100% (Excellent),Customs
DOC-5225,2026-02-01,23:40,5,February,DG Declaration (IMDG),DE → IT,DSV,57,682,625,82.8,Human review,UN number mismatch,Class 6 (Toxic),UN2360,Yes,No,0.95,75-85% (Review),Dangerous Goods
DOC-5226,2026-02-18,10:28,8,February,DG Declaration (ADR),DE → US,Kuehne+Nagel,68,557,489,75.3,Human review,,Class 3 (Flammable liquids),UN2230,Yes,No,1.13,75-85% (Review),Dangerous Goods
DOC-5227,2026-01-26,15:20,5,January,CMR Waybill,DE → NL,Kuehne+Nagel,38,647,609,91.9,Auto-approved,,,,No,No,0.63,85-95% (Good),Transport
DOC-5228,2026-03-04,18:50,10,March,Customs Export Declaration,DE → CN,Rhenus,32,574,542,100.0,Auto-approved,,,,No,No,0.53,95-100% (Excellent),Customs
DOC-5229,2026-01-15,18:12,3,January,EUR.1 Certificate,DE → JP,DSV,42,486,444,100.0,Auto-approved,,,,No,No,0.7,95-100% (Excellent),Customs
DOC-5230,2026-03-01,22:13,9,March,Customs Export Declaration,DE → IT,Rhenus,47,683,636,90.7,Auto-approved,,,,No,No,0.78,85-95% (Good),Customs
DOC-5231,2026-02-22,21:31,8,February,Customs Export Declaration,DE → NL,Rhenus,46,652,606,100.0,Auto-approved,,,,No,No,0.77,95-100% (Excellent),Customs
DOC-5232,2026-02-18,02:28,8,February,DG Declaration (IMDG),DE → JP,Kuehne+Nagel,54,610,556,83.7,Human review,,Class 9 (Misc dangerous),UN2713,Yes,No,0.9,75-85% (Review),Dangerous Goods
DOC-5233,2026-02-16,22:57,8,February,DG Declaration (IATA),DE → GB,DSV,52,520,468,85.7,Human review,,Class 9 (Misc dangerous),UN2454,Yes,No,0.87,85-95% (Good),Dangerous Goods
DOC-5234,2026-01-06,18:41,2,January,Customs Export Declaration,DE → CH,Rhenus,55,483,428,91.4,Auto-approved,,,,No,No,0.92,85-95% (Good),Customs
DOC-5235,2026-02-03,07:32,6,February,Customs Export Declaration,DE → GB,DSV,34,574,540,88.6,Human review,,,,No,No,0.57,85-95% (Good),Customs
DOC-5236,2026-03-17,22:32,12,March,Commercial Invoice,DE → NL,Rhenus,36,551,515,92.9,Auto-approved,,,,No,No,0.6,85-95% (Good),Finance
DOC-5237,2026-01-11,03:53,2,January,Customs Export Declaration,DE → NL,Rhenus,41,530,489,100.0,Auto-approved,,,,No,No,0.68,95-100% (Excellent),Customs
DOC-5238,2026-03-03,11:30,10,March,DG Declaration (IMDG),DE → FR,Kuehne+Nagel,63,485,422,80.4,Human review,UN number mismatch,Class 9 (Misc dangerous),UN1471,Yes,No,1.05,75-85% (Review),Dangerous Goods
DOC-5239,2026-02-13,20:06,7,February,DG Declaration (IMDG),DE → NL,DB Schenker,52,671,619,87.1,Human review,Invalid EORI number,Class 6 (Toxic),UN1949,Yes,No,0.87,85-95% (Good),Dangerous Goods
DOC-5240,2026-01-24,05:40,4,January,DG Declaration (ADR),DE → CH,Kuehne+Nagel,74,649,575,89.8,Human review,Invalid EORI number,Class 6 (Toxic),UN1018,Yes,No,1.23,85-95% (Good),Dangerous Goods
DOC-5241,2026-01-27,08:48,5,January,DG Declaration (IMDG),DE → FR,DSV,81,558,477,96.5,Auto-approved,,Class 3 (Flammable liquids),UN2498,Yes,No,1.35,95-100% (Excellent),Dangerous Goods
DOC-5242,2026-02-28,03:16,9,February,DG Declaration (ADR),DE → IT,DSV,68,564,496,86.7,Human review,Invalid EORI number,Class 8 (Corrosive),UN1467,Yes,No,1.13,85-95% (Good),Dangerous Goods
DOC-5243,2026-02-28,19:11,9,February,Commercial Invoice,DE → TR,DSV,12,553,541,87.4,Human review,Incorrect consignee address,,,No,No,0.2,85-95% (Good),Finance
DOC-5244,2026-01-24,11:44,4,January,Customs Export Declaration,DE → NL,DSV,35,618,583,99.1,Auto-approved,,,,No,No,0.58,95-100% (Excellent),Customs
DOC-5245,2026-02-24,05:31,9,February,CMR Waybill,DE → GB,DB Schenker,19,514,495,90.3,Auto-approved,,,,No,No,0.32,85-95% (Good),Transport
DOC-5246,2026-02-10,14:39,7,February,Customs Export Declaration,DE → PL,Rhenus,56,527,471,90.6,Auto-approved,,,,No,No,0.93,85-95% (Good),Customs
DOC-5247,2026-02-19,17:32,8,February,DG Declaration (ADR),DE → IT,Kuehne+Nagel,56,500,444,81.3,Human review,,Class 6 (Toxic),UN1685,Yes,No,0.93,75-85% (Review),Dangerous Goods
DOC-5248,2026-01-04,07:18,1,January,DG Declaration (IATA),DE → PL,Rhenus,56,658,602,93.7,Auto-approved,,Class 6 (Toxic),UN3316,Yes,No,0.93,85-95% (Good),Dangerous Goods
DOC-5249,2026-03-05,17:32,10,March,Customs Export Declaration,DE → FR,DSV,58,678,620,100.0,Auto-approved,,,,No,No,0.97,95-100% (Excellent),Customs
DOC-5250,2026-02-16,17:52,8,February,Customs Export Declaration,DE → PL,Kuehne+Nagel,16,551,535,86.9,Human review,Incorrect consignee address,,,No,No,0.27,85-95% (Good),Customs
DOC-5251,2026-01-05,14:16,2,January,CMR Waybill,DE → US,DHL Freight,0,666,666,100.0,Auto-approved,,,,No,No,0.0,95-100% (Excellent),Transport
DOC-5252,2026-01-31,06:51,5,January,Customs Export Declaration,DE → JP,Rhenus,54,628,574,85.6,Human review,,,,No,No,0.9,85-95% (Good),Customs
DOC-5253,2026-01-27,06:51,5,January,DG Declaration (ADR),DE → PL,DSV,55,558,503,92.6,Auto-approved,,Class 8 (Corrosive),UN1689,Yes,No,0.92,85-95% (Good),Dangerous Goods
DOC-5254,2026-02-07,09:36,6,February,EUR.1 Certificate,DE → TR,DSV,50,503,453,92.0,Auto-approved,,,,No,No,0.83,85-95% (Good),Customs
DOC-5255,2026-02-22,01:17,8,February,EUR.1 Certificate,DE → NL,DB Schenker,35,679,644,100.0,Auto-approved,,,,No,No,0.58,95-100% (Excellent),Customs
DOC-5256,2026-02-20,15:09,8,February,Customs Export Declaration,DE → JP,Rhenus,38,577,539,88.1,Human review,Invalid HS code,,,No,No,0.63,85-95% (Good),Customs
DOC-5257,2026-02-05,22:59,6,February,Customs Export Declaration,DE → US,Kuehne+Nagel,53,481,428,91.1,Auto-approved,,,,No,No,0.88,85-95% (Good),Customs
DOC-5258,2026-01-12,23:29,3,January,Customs Export Declaration,DE → US,DHL Freight,48,678,630,86.2,Human review,,,,No,No,0.8,85-95% (Good),Customs
DOC-5259,2026-03-05,08:20,10,March,Commercial Invoice,DE → TR,Rhenus,20,685,665,91.9,Auto-approved,,,,No,No,0.33,85-95% (Good),Finance
DOC-5260,2026-02-13,21:48,7,February,Commercial Invoice,DE → PL,DHL Freight,39,590,551,100.0,Auto-approved,,,,No,No,0.65,95-100% (Excellent),Finance
DOC-5261,2026-01-16,05:28,3,January,CMR Waybill,DE → IT,DHL Freight,41,719,678,92.6,Auto-approved,,,,No,No,0.68,85-95% (Good),Transport
DOC-5262,2026-01-17,20:19,3,January,DG Declaration (ADR),DE → NL,Rhenus,68,639,571,91.7,Auto-approved,,Class 2 (Gases),UN2523,Yes,No,1.13,85-95% (Good),Dangerous Goods
DOC-5263,2026-01-22,01:25,4,January,Customs Export Declaration,DE → TR,DB Schenker,41,503,462,94.3,Auto-approved,,,,No,No,0.68,85-95% (Good),Customs
DOC-5264,2026-01-28,15:04,5,January,CMR Waybill,DE → NL,DSV,32,482,450,100.0,Auto-approved,,,,No,No,0.53,95-100% (Excellent),Transport
DOC-5265,2026-02-13,03:55,7,February,CMR Waybill,DE → CH,DB Schenker,23,501,478,93.7,Auto-approved,,,,No,No,0.38,85-95% (Good),Transport
DOC-5266,2026-01-14,03:20,3,January,DG Declaration (IMDG),DE → US,Rhenus,76,496,420,97.2,Auto-approved,,Class 3 (Flammable liquids),UN1585,Yes,No,1.27,95-100% (Excellent),Dangerous Goods
DOC-5267,2026-03-14,00:39,11,March,EUR.1 Certificate,DE → NL,Kuehne+Nagel,31,660,629,96.9,Auto-approved,,,,No,No,0.52,95-100% (Excellent),Customs
DOC-5268,2026-02-22,19:43,8,February,DG Declaration (IATA),DE → IT,DB Schenker,59,564,505,89.7,Human review,,Class 8 (Corrosive),UN2572,Yes,No,0.98,85-95% (Good),Dangerous Goods
DOC-5269,2026-02-24,10:50,9,February,Customs Export Declaration,DE → NL,DB Schenker,44,613,569,95.9,Auto-approved,,,,No,No,0.73,95-100% (Excellent),Customs
DOC-5270,2026-03-18,23:38,12,March,CMR Waybill,DE → TR,DHL Freight,38,659,621,84.6,Human review,Incorrect consignee address,,,No,No,0.63,75-85% (Review),Transport
DOC-5271,2026-02-07,20:03,6,February,Customs Export Declaration,DE → CN,Kuehne+Nagel,39,633,594,96.4,Auto-approved,,,,No,No,0.65,95-100% (Excellent),Customs
DOC-5272,2026-01-10,16:56,2,January,DG Declaration (IATA),DE → PL,Rhenus,60,568,508,86.5,Human review,,Class 8 (Corrosive),UN2723,Yes,No,1.0,85-95% (Good),Dangerous Goods
DOC-5273,2026-01-23,15:49,4,January,Commercial Invoice,DE → FR,DHL Freight,24,532,508,92.4,Auto-approved,,,,No,No,0.4,85-95% (Good),Finance
DOC-5274,2026-01-08,12:32,2,January,Customs Export Declaration,DE → TR,DSV,46,634,588,85.7,Human review,,,,No,No,0.77,85-95% (Good),Customs
DOC-5275,2026-03-10,19:09,11,March,Customs Export Declaration,DE → TR,DHL Freight,41,529,488,100.0,Auto-approved,,,,No,No,0.68,95-100% (Excellent),Customs
DOC-5276,2026-01-20,17:20,4,January,Customs Export Declaration,DE → CH,DSV,32,496,464,83.1,Human review,,,,No,No,0.53,75-85% (Review),Customs
DOC-5277,2026-02-25,23:54,9,February,DG Declaration (IMDG),DE → CN,DHL Freight,66,627,561,100.0,Auto-approved,,Class 2 (Gases),UN2857,Yes,No,1.1,95-100% (Excellent),Dangerous Goods
DOC-5278,2026-01-08,09:42,2,January,Customs Export Declaration,DE → NL,DHL Freight,50,483,433,93.3,Auto-approved,,,,No,No,0.83,85-95% (Good),Customs
DOC-5279,2026-03-05,11:33,10,March,DG Declaration (IMDG),DE → GB,Rhenus,68,665,597,91.2,Auto-approved,,Class 4 (Flammable solids),UN1483,Yes,No,1.13,85-95% (Good),Dangerous Goods
DOC-5280,2026-01-04,10:51,1,January,CMR Waybill,DE → CH,Rhenus,22,714,692,92.2,Auto-approved,,,,No,No,0.37,85-95% (Good),Transport
DOC-5281,2026-01-10,15:29,2,January,Customs Export Declaration,DE → GB,Rhenus,64,520,456,97.7,Auto-approved,,,,No,No,1.07,95-100% (Excellent),Customs
DOC-5282,2026-01-21,08:49,4,January,DG Declaration (IATA),DE → FR,DSV,53,686,633,84.9,Human review,,Class 2 (Gases),UN1180,Yes,No,0.88,75-85% (Review),Dangerous Goods
DOC-5283,2026-01-02,07:02,1,January,Customs Export Declaration,DE → IT,Rhenus,41,703,662,95.7,Auto-approved,,,,No,No,0.68,95-100% (Excellent),Customs
DOC-5284,2026-01-05,17:51,2,January,DG Declaration (ADR),DE → CH,DB Schenker,55,545,490,94.5,Auto-approved,,Class 9 (Misc dangerous),UN2310,Yes,No,0.92,85-95% (Good),Dangerous Goods
DOC-5285,2026-01-10,18:23,2,January,Commercial Invoice,DE → FR,DSV,23,534,511,91.0,Auto-approved,,,,No,No,0.38,85-95% (Good),Finance
DOC-5286,2026-03-08,01:25,10,March,CMR Waybill,DE → FR,Kuehne+Nagel,41,613,572,84.0,Human review,Invalid HS code,,,No,No,0.68,75-85% (Review),Transport
DOC-5287,2026-01-02,11:12,1,January,Customs Export Declaration,DE → TR,DSV,49,622,573,81.8,Human review,Missing emergency contact,,,No,No,0.82,75-85% (Review),Customs
DOC-5288,2026-03-05,06:46,10,March,DG Declaration (ADR),DE → GB,DB Schenker,74,610,536,100.0,Auto-approved,,Class 2 (Gases),UN1954,Yes,No,1.23,95-100% (Excellent),Dangerous Goods
DOC-5289,2026-01-02,10:00,1,January,Customs Export Declaration,DE → CH,Rhenus,55,537,482,98.2,Auto-approved,,,,No,No,0.92,95-100% (Excellent),Customs
DOC-5290,2026-03-04,01:09,10,March,Customs Export Declaration,DE → TR,DHL Freight,52,683,631,94.4,Auto-approved,,,,No,No,0.87,85-95% (Good),Customs
DOC-5291,2026-02-22,22:57,8,February,CMR Waybill,DE → US,Kuehne+Nagel,34,503,469,92.5,Auto-approved,,,,No,No,0.57,85-95% (Good),Transport
DOC-5292,2026-01-18,20:52,3,January,DG Declaration (IATA),DE → CH,DHL Freight,52,550,498,86.6,Human review,,Class 3 (Flammable liquids),UN1969,Yes,No,0.87,85-95% (Good),Dangerous Goods
DOC-5293,2026-02-10,12:44,7,February,Customs Export Declaration,DE → US,Rhenus,38,706,668,94.5,Auto-approved,,,,No,No,0.63,85-95% (Good),Customs
DOC-5294,2026-01-18,18:06,3,January,CMR Waybill,DE → NL,DHL Freight,36,578,542,99.7,Auto-approved,,,,No,No,0.6,95-100% (Excellent),Transport
DOC-5295,2026-03-10,11:49,11,March,DG Declaration (IMDG),DE → CN,Kuehne+Nagel,62,518,456,93.1,Auto-approved,,Class 2 (Gases),UN1370,Yes,No,1.03,85-95% (Good),Dangerous Goods
DOC-5296,2026-02-08,22:44,6,February,DG Declaration (ADR),DE → JP,DHL Freight,64,651,587,100.0,Auto-approved,,Class 3 (Flammable liquids),UN1373,Yes,No,1.07,95-100% (Excellent),Dangerous Goods
DOC-5297,2026-02-15,12:32,7,February,Customs Export Declaration,DE → PL,Rhenus,43,487,444,100.0,Auto-approved,,,,No,No,0.72,95-100% (Excellent),Customs
DOC-5298,2026-02-21,14:35,8,February,Customs Export Declaration,DE → GB,DB Schenker,49,671,622,94.8,Auto-approved,,,,No,No,0.82,85-95% (Good),Customs
DOC-5299,2026-01-16,00:03,3,January,Commercial Invoice,DE → CN,DB Schenker,28,645,617,99.7,Auto-approved,,,,No,No,0.47,95-100% (Excellent),Finance
DOC-5300,2026-01-11,18:37,2,January,Commercial Invoice,DE → TR,DHL Freight,29,697,668,93.3,Auto-approved,,,,No,No,0.48,85-95% (Good),Finance
DOC-5301,2026-02-26,04:05,9,February,DG Declaration (IMDG),DE → US,DHL Freight,76,584,508,90.1,Auto-approved,,Class 3 (Flammable liquids),UN3350,Yes,No,1.27,85-95% (Good),Dangerous Goods
DOC-5302,2026-02-20,15:01,8,February,CMR Waybill,DE → CH,Kuehne+Nagel,33,525,492,97.3,Auto-approved,,,,No,No,0.55,95-100% (Excellent),Transport
DOC-5303,2026-02-05,14:56,6,February,DG Declaration (IMDG),DE → NL,DHL Freight,55,692,637,81.6,Human review,,Class 6 (Toxic),UN2687,Yes,No,0.92,75-85% (Review),Dangerous Goods
DOC-5304,2026-03-03,01:05,10,March,Customs Export Declaration,DE → TR,Kuehne+Nagel,49,692,643,96.5,Auto-approved,,,,No,No,0.82,95-100% (Excellent),Customs
DOC-5305,2026-03-09,07:40,11,March,Customs Export Declaration,DE → GB,DHL Freight,62,566,504,92.2,Auto-approved,,,,No,No,1.03,85-95% (Good),Customs
DOC-5306,2026-03-11,15:22,11,March,Customs Export Declaration,DE → JP,DSV,42,486,444,98.0,Auto-approved,,,,No,No,0.7,95-100% (Excellent),Customs
DOC-5307,2026-03-18,07:01,12,March,Commercial Invoice,DE → TR,DHL Freight,29,714,685,85.6,Human review,Incorrect consignee address,,,No,No,0.48,85-95% (Good),Finance
DOC-5308,2026-01-13,07:42,3,January,CMR Waybill,DE → CN,Rhenus,13,657,644,90.4,Auto-approved,,,,No,No,0.22,85-95% (Good),Transport
DOC-5309,2026-01-29,18:54,5,January,CMR Waybill,DE → CH,Rhenus,58,622,564,84.4,Human review,Incorrect consignee address,,,No,No,0.97,75-85% (Review),Transport
DOC-5310,2026-02-15,18:01,7,February,Commercial Invoice,DE → US,DSV,13,610,597,89.5,Human review,Quantity mismatch,,,No,No,0.22,85-95% (Good),Finance
DOC-5311,2026-01-23,15:02,4,January,Customs Export Declaration,DE → FR,DHL Freight,46,606,560,97.9,Auto-approved,,,,No,No,0.77,95-100% (Excellent),Customs
DOC-5312,2026-01-01,10:58,1,January,Customs Export Declaration,DE → JP,DB Schenker,48,494,446,87.0,Human review,Missing emergency contact,,,No,No,0.8,85-95% (Good),Customs
DOC-5313,2026-01-19,18:45,4,January,Customs Export Declaration,DE → NL,DHL Freight,56,570,514,81.6,Human review,,,,No,No,0.93,75-85% (Review),Customs
DOC-5314,2026-02-20,18:06,8,February,CMR Waybill,DE → US,Rhenus,18,656,638,100.0,Auto-approved,,,,No,No,0.3,95-100% (Excellent),Transport
DOC-5315,2026-02-25,20:31,9,February,Commercial Invoice,DE → US,DB Schenker,22,627,605,84.3,Human review,,,,No,No,0.37,75-85% (Review),Finance
DOC-5316,2026-02-15,07:42,7,February,DG Declaration (ADR),DE → JP,DB Schenker,48,523,475,95.9,Auto-approved,,Class 4 (Flammable solids),UN1521,Yes,No,0.8,95-100% (Excellent),Dangerous Goods
DOC-5317,2026-01-01,22:36,1,January,DG Declaration (IMDG),DE → CH,DSV,78,634,556,89.9,Human review,,Class 8 (Corrosive),UN1904,Yes,No,1.3,85-95% (Good),Dangerous Goods
DOC-5318,2026-01-14,15:09,3,January,Customs Export Declaration,DE → US,DHL Freight,47,520,473,100.0,Auto-approved,,,,No,No,0.78,95-100% (Excellent),Customs
DOC-5319,2026-01-12,22:42,3,January,Commercial Invoice,DE → US,Kuehne+Nagel,32,646,614,93.3,Auto-approved,,,,No,No,0.53,85-95% (Good),Finance
DOC-5320,2026-02-14,08:50,7,February,CMR Waybill,DE → FR,DHL Freight,40,581,541,95.2,Auto-approved,,,,No,No,0.67,95-100% (Excellent),Transport
DOC-5321,2026-01-22,13:31,4,January,EUR.1 Certificate,DE → CH,Rhenus,31,595,564,92.1,Auto-approved,,,,No,No,0.52,85-95% (Good),Customs
DOC-5322,2026-03-15,20:48,11,March,CMR Waybill,DE → CN,DB Schenker,13,488,475,96.8,Auto-approved,,,,No,No,0.22,95-100% (Excellent),Transport
DOC-5323,2026-01-03,10:16,1,January,Commercial Invoice,DE → FR,DHL Freight,14,519,505,100.0,Auto-approved,,,,No,No,0.23,95-100% (Excellent),Finance
DOC-5324,2026-01-10,17:57,2,January,Customs Export Declaration,DE → FR,Rhenus,34,487,453,87.6,Human review,,,,No,No,0.57,85-95% (Good),Customs
DOC-5325,2026-01-22,19:56,4,January,CMR Waybill,DE → CH,DB Schenker,38,714,676,95.1,Auto-approved,,,,No,No,0.63,95-100% (Excellent),Transport
DOC-5326,2026-02-22,22:35,8,February,Customs Export Declaration,DE → GB,Rhenus,41,617,576,88.0,Human review,Invalid EORI number,,,No,No,0.68,85-95% (Good),Customs
DOC-5327,2026-03-04,04:03,10,March,Commercial Invoice,DE → US,DHL Freight,17,639,622,95.6,Auto-approved,,,,No,No,0.28,95-100% (Excellent),Finance
DOC-5328,2026-03-18,15:12,12,March,CMR Waybill,DE → FR,DHL Freight,34,714,680,100.0,Auto-approved,,,,No,No,0.57,95-100% (Excellent),Transport
DOC-5329,2026-03-02,03:19,10,March,CMR Waybill,DE → CH,Kuehne+Nagel,15,502,487,93.7,Auto-approved,,,,No,No,0.25,85-95% (Good),Transport
DOC-5330,2026-03-11,12:11,11,March,CMR Waybill,DE → US,Kuehne+Nagel,23,543,520,98.6,Auto-approved,,,,No,No,0.38,95-100% (Excellent),Transport
DOC-5331,2026-03-01,08:14,9,March,Customs Export Declaration,DE → TR,DSV,60,640,580,97.4,Auto-approved,,,,No,No,1.0,95-100% (Excellent),Customs
DOC-5332,2026-01-11,21:22,2,January,CMR Waybill,DE → GB,Kuehne+Nagel,43,613,570,91.3,Auto-approved,,,,No,No,0.72,85-95% (Good),Transport
DOC-5333,2026-02-19,16:26,8,February,Customs Export Declaration,DE → GB,Kuehne+Nagel,38,552,514,90.7,Auto-approved,,,,No,No,0.63,85-95% (Good),Customs
DOC-5334,2026-02-20,22:02,8,February,CMR Waybill,DE → GB,DSV,45,629,584,85.6,Human review,,,,No,No,0.75,85-95% (Good),Transport
DOC-5335,2026-01-16,14:11,3,January,CMR Waybill,DE → NL,DB Schenker,32,717,685,89.6,Human review,,,,No,No,0.53,85-95% (Good),Transport
DOC-5336,2026-02-25,06:52,9,February,Customs Export Declaration,DE → NL,DSV,44,699,655,100.0,Auto-approved,,,,No,No,0.73,95-100% (Excellent),Customs
DOC-5337,2026-01-09,02:24,2,January,CMR Waybill,DE → GB,Kuehne+Nagel,11,700,689,88.6,Human review,,,,No,No,0.18,85-95% (Good),Transport
DOC-5338,2026-01-02,22:39,1,January,DG Declaration (ADR),DE → JP,DSV,61,667,606,84.6,Human review,Invalid HS code,Class 2 (Gases),UN3304,Yes,No,1.02,75-85% (Review),Dangerous Goods
DOC-5339,2026-02-06,17:56,6,February,Customs Export Declaration,DE → US,Kuehne+Nagel,44,617,573,100.0,Auto-approved,,,,No,No,0.73,95-100% (Excellent),Customs
DOC-5340,2026-03-02,01:11,10,March,CMR Waybill,DE → TR,Kuehne+Nagel,38,646,608,100.0,Auto-approved,,,,No,No,0.63,95-100% (Excellent),Transport
DOC-5341,2026-01-05,12:56,2,January,Customs Export Declaration,DE → US,DB Schenker,56,544,488,95.4,Auto-approved,,,,No,No,0.93,95-100% (Excellent),Customs
DOC-5342,2026-02-17,00:21,8,February,Customs Export Declaration,DE → TR,Rhenus,43,647,604,100.0,Auto-approved,,,,No,No,0.72,95-100% (Excellent),Customs
DOC-5343,2026-01-13,07:08,3,January,Customs Export Declaration,DE → TR,Kuehne+Nagel,46,625,579,86.9,Human review,,,,No,No,0.77,85-95% (Good),Customs
DOC-5344,2026-01-12,06:28,3,January,Customs Export Declaration,DE → CN,Kuehne+Nagel,44,677,633,81.2,Human review,,,,No,No,0.73,75-85% (Review),Customs
DOC-5345,2026-03-07,05:04,10,March,CMR Waybill,DE → TR,DSV,16,606,590,100.0,Auto-approved,,,,No,No,0.27,95-100% (Excellent),Transport
DOC-5346,2026-03-14,00:11,11,March,EUR.1 Certificate,DE → CN,DB Schenker,39,700,661,88.5,Human review,,,,No,No,0.65,85-95% (Good),Customs
DOC-5347,2026-01-26,08:23,5,January,Customs Export Declaration,DE → IT,DSV,27,643,616,100.0,Auto-approved,,,,No,No,0.45,95-100% (Excellent),Customs
DOC-5348,2026-01-31,11:31,5,January,DG Declaration (IATA),DE → JP,Kuehne+Nagel,64,564,500,100.0,Auto-approved,,Class 8 (Corrosive),UN3258,Yes,No,1.07,95-100% (Excellent),Dangerous Goods
DOC-5349,2026-01-21,08:47,4,January,DG Declaration (ADR),DE → FR,Rhenus,63,635,572,88.4,Human review,,Class 3 (Flammable liquids),UN1906,Yes,No,1.05,85-95% (Good),Dangerous Goods
DOC-5350,2026-01-27,08:41,5,January,EUR.1 Certificate,DE → CH,DSV,52,664,612,94.5,Auto-approved,,,,No,No,0.87,85-95% (Good),Customs
DOC-5351,2026-01-02,15:58,1,January,DG Declaration (IMDG),DE → NL,DB Schenker,64,582,518,87.5,Human review,Wrong DG class,Class 9 (Misc dangerous),UN2127,Yes,No,1.07,85-95% (Good),Dangerous Goods
DOC-5352,2026-02-18,11:29,8,February,Commercial Invoice,DE → TR,DB Schenker,10,678,668,95.2,Auto-approved,,,,No,No,0.17,95-100% (Excellent),Finance
DOC-5353,2026-02-20,18:06,8,February,Customs Export Declaration,DE → PL,DSV,71,681,610,92.9,Auto-approved,,,,No,No,1.18,85-95% (Good),Customs
DOC-5354,2026-03-13,20:38,11,March,EUR.1 Certificate,DE → JP,Rhenus,34,495,461,96.2,Auto-approved,,,,No,No,0.57,95-100% (Excellent),Customs
DOC-5355,2026-02-05,20:20,6,February,Customs Export Declaration,DE → TR,Rhenus,31,525,494,78.7,Human review,,,,No,No,0.52,75-85% (Review),Customs
DOC-5356,2026-03-08,07:57,10,March,EUR.1 Certificate,DE → PL,DSV,28,514,486,96.5,Auto-approved,,,,No,No,0.47,95-100% (Excellent),Customs
DOC-5357,2026-01-04,20:31,1,January,Customs Export Declaration,DE → TR,Rhenus,53,620,567,89.1,Human review,,,,No,No,0.88,85-95% (Good),Customs
DOC-5358,2026-03-15,06:21,11,March,Customs Export Declaration,DE → CN,DSV,38,566,528,86.9,Human review,,,,No,No,0.63,85-95% (Good),Customs
DOC-5359,2026-02-08,05:53,6,February,DG Declaration (ADR),DE → GB,DB Schenker,57,654,597,95.6,Auto-approved,,Class 9 (Misc dangerous),UN2059,Yes,No,0.95,95-100% (Excellent),Dangerous Goods
DOC-5360,2026-03-13,05:43,11,March,CMR Waybill,DE → US,DHL Freight,31,689,658,97.9,Auto-approved,,,,No,No,0.52,95-100% (Excellent),Transport
DOC-5361,2026-02-23,10:23,9,February,Customs Export Declaration,DE → TR,DSV,40,593,553,100.0,Auto-approved,,,,No,No,0.67,95-100% (Excellent),Customs
DOC-5362,2026-03-16,18:39,12,March,DG Declaration (IMDG),DE → FR,Kuehne+Nagel,74,552,478,82.7,Human review,,Class 6 (Toxic),UN3170,Yes,No,1.23,75-85% (Review),Dangerous Goods
DOC-5363,2026-01-07,04:08,2,January,DG Declaration (ADR),DE → CN,Rhenus,49,556,507,92.9,Auto-approved,,Class 6 (Toxic),UN1586,Yes,No,0.82,85-95% (Good),Dangerous Goods
DOC-5364,2026-01-24,02:31,4,January,DG Declaration (ADR),DE → US,DB Schenker,59,530,471,90.2,Auto-approved,,Class 6 (Toxic),UN2120,Yes,No,0.98,85-95% (Good),Dangerous Goods
DOC-5365,2026-01-22,18:48,4,January,DG Declaration (IMDG),DE → NL,Kuehne+Nagel,69,577,508,76.1,Human review,Invalid EORI number,Class 9 (Misc dangerous),UN2758,Yes,No,1.15,75-85% (Review),Dangerous Goods
DOC-5366,2026-03-03,12:00,10,March,Customs Export Declaration,DE → PL,DSV,48,483,435,99.4,Auto-approved,,,,No,No,0.8,95-100% (Excellent),Customs
DOC-5367,2026-02-11,16:12,7,February,CMR Waybill,DE → PL,DHL Freight,25,563,538,89.2,Human review,,,,No,No,0.42,85-95% (Good),Transport
DOC-5368,2026-01-17,03:24,3,January,Customs Export Declaration,DE → GB,DSV,44,491,447,95.4,Auto-approved,,,,No,No,0.73,95-100% (Excellent),Customs
DOC-5369,2026-02-07,14:46,6,February,Commercial Invoice,DE → GB,DSV,14,645,631,91.9,Auto-approved,,,,No,No,0.23,85-95% (Good),Finance
DOC-5370,2026-01-18,10:57,3,January,DG Declaration (IMDG),DE → IT,Rhenus,65,535,470,83.8,Human review,,Class 6 (Toxic),UN1078,Yes,No,1.08,75-85% (Review),Dangerous Goods
DOC-5371,2026-01-17,06:46,3,January,CMR Waybill,DE → PL,DSV,25,651,626,92.9,Auto-approved,,,,No,No,0.42,85-95% (Good),Transport
DOC-5372,2026-01-05,12:56,2,January,CMR Waybill,DE → TR,DSV,20,637,617,86.4,Human review,Invalid HS code,,,No,No,0.33,85-95% (Good),Transport
DOC-5373,2026-01-03,01:44,1,January,DG Declaration (IATA),DE → FR,Kuehne+Nagel,50,552,502,89.2,Human review,Missing packing group,Class 3 (Flammable liquids),UN1038,Yes,No,0.83,85-95% (Good),Dangerous Goods
DOC-5374,2026-01-13,21:33,3,January,DG Declaration (ADR),DE → TR,DSV,56,653,597,85.7,Human review,,Class 2 (Gases),UN3095,Yes,No,0.93,85-95% (Good),Dangerous Goods
DOC-5375,2026-01-16,09:07,3,January,Customs Export Declaration,DE → FR,Kuehne+Nagel,47,543,496,97.4,Auto-approved,,,,No,No,0.78,95-100% (Excellent),Customs
DOC-5376,2026-03-08,06:22,10,March,DG Declaration (IATA),DE → CH,Rhenus,62,559,497,95.5,Auto-approved,,Class 3 (Flammable liquids),UN2968,Yes,No,1.03,95-100% (Excellent),Dangerous Goods
DOC-5377,2026-01-01,00:42,1,January,Customs Export Declaration,DE → FR,DHL Freight,53,667,614,84.0,Human review,Invalid HS code,,,No,No,0.88,75-85% (Review),Customs
DOC-5378,2026-01-10,23:46,2,January,Customs Export Declaration,DE → FR,Rhenus,38,543,505,86.9,Human review,,,,No,No,0.63,85-95% (Good),Customs
DOC-5379,2026-01-07,03:52,2,January,CMR Waybill,DE → NL,DHL Freight,36,582,546,87.7,Human review,,,,No,No,0.6,85-95% (Good),Transport
DOC-5380,2026-01-15,03:54,3,January,CMR Waybill,DE → PL,DHL Freight,39,695,656,84.7,Human review,Missing emergency contact,,,No,No,0.65,75-85% (Review),Transport
DOC-5381,2026-02-04,23:05,6,February,Customs Export Declaration,DE → US,Rhenus,49,711,662,99.5,Auto-approved,,,,No,No,0.82,95-100% (Excellent),Customs
DOC-5382,2026-02-04,12:44,6,February,Customs Export Declaration,DE → IT,Kuehne+Nagel,34,716,682,82.9,Human review,UN number mismatch,,,No,No,0.57,75-85% (Review),Customs
DOC-5383,2026-01-21,03:26,4,January,DG Declaration (ADR),DE → JP,Kuehne+Nagel,65,687,622,78.0,Human review,Invalid EORI number,Class 4 (Flammable solids),UN1118,Yes,No,1.08,75-85% (Review),Dangerous Goods
DOC-5384,2026-01-17,15:58,3,January,DG Declaration (ADR),DE → IT,DHL Freight,68,664,596,83.1,Human review,Missing emergency contact,Class 2 (Gases),UN3149,Yes,No,1.13,75-85% (Review),Dangerous Goods
DOC-5385,2026-03-15,23:36,11,March,Customs Export Declaration,DE → CN,Rhenus,30,628,598,91.7,Auto-approved,,,,No,No,0.5,85-95% (Good),Customs
DOC-5386,2026-02-25,21:46,9,February,Customs Export Declaration,DE → CN,Kuehne+Nagel,36,572,536,100.0,Auto-approved,,,,No,No,0.6,95-100% (Excellent),Customs
DOC-5387,2026-03-13,19:03,11,March,DG Declaration (ADR),DE → PL,DB Schenker,49,660,611,87.7,Human review,,Class 3 (Flammable liquids),UN1306,Yes,No,0.82,85-95% (Good),Dangerous Goods
DOC-5388,2026-02-11,07:21,7,February,Commercial Invoice,DE → TR,DHL Freight,12,571,559,92.6,Auto-approved,,,,No,No,0.2,85-95% (Good),Finance
DOC-5389,2026-01-31,02:29,5,January,DG Declaration (IATA),DE → IT,DSV,36,508,472,92.4,Auto-approved,,Class 6 (Toxic),UN2294,Yes,No,0.6,85-95% (Good),Dangerous Goods
DOC-5390,2026-03-05,23:41,10,March,Commercial Invoice,DE → PL,DHL Freight,23,612,589,94.1,Auto-approved,,,,No,No,0.38,85-95% (Good),Finance
DOC-5391,2026-01-12,19:39,3,January,DG Declaration (IMDG),DE → TR,DSV,52,678,626,84.1,Human review,,Class 4 (Flammable solids),UN2488,Yes,No,0.87,75-85% (Review),Dangerous Goods
DOC-5392,2026-01-29,14:21,5,January,Customs Export Declaration,DE → GB,DSV,32,507,475,86.5,Human review,Quantity mismatch,,,No,No,0.53,85-95% (Good),Customs
DOC-5393,2026-01-29,00:21,5,January,DG Declaration (IMDG),DE → US,Rhenus,56,677,621,86.0,Human review,Missing packing group,Class 6 (Toxic),UN1575,Yes,No,0.93,85-95% (Good),Dangerous Goods
DOC-5394,2026-02-22,03:16,8,February,Customs Export Declaration,DE → JP,DB Schenker,54,574,520,100.0,Auto-approved,,,,No,No,0.9,95-100% (Excellent),Customs
DOC-5395,2026-02-28,06:45,9,February,Customs Export Declaration,DE → US,DHL Freight,45,632,587,90.8,Auto-approved,,,,No,No,0.75,85-95% (Good),Customs
DOC-5396,2026-03-17,03:49,12,March,DG Declaration (ADR),DE → IT,Kuehne+Nagel,46,607,561,73.3,Flagged,Invalid HS code,Class 6 (Toxic),UN1017,Yes,Yes,0.77,<75% (Flagged),Dangerous Goods
DOC-5397,2026-02-25,18:30,9,February,DG Declaration (IMDG),DE → GB,DB Schenker,63,638,575,84.0,Human review,,Class 2 (Gases),UN2586,Yes,No,1.05,75-85% (Review),Dangerous Goods
DOC-5398,2026-03-19,10:32,12,March,DG Declaration (IATA),DE → CH,Kuehne+Nagel,77,711,634,86.0,Human review,,Class 4 (Flammable solids),UN2629,Yes,No,1.28,85-95% (Good),Dangerous Goods
DOC-5399,2026-02-07,14:51,6,February,DG Declaration (ADR),DE → NL,DB Schenker,47,552,505,93.7,Auto-approved,,Class 9 (Misc dangerous),UN3098,Yes,No,0.78,85-95% (Good),Dangerous Goods
DOC-5400,2026-03-12,10:45,11,March,DG Declaration (ADR),DE → GB,DB Schenker,64,701,637,97.3,Auto-approved,,Class 4 (Flammable solids),UN2414,Yes,No,1.07,95-100% (Excellent),Dangerous Goods
DOC-5401,2026-01-17,22:41,3,January,Customs Export Declaration,DE → NL,DSV,31,650,619,90.4,Auto-approved,,,,No,No,0.52,85-95% (Good),Customs
DOC-5402,2026-02-15,17:30,7,February,DG Declaration (ADR),DE → JP,DSV,75,691,616,84.1,Human review,,Class 8 (Corrosive),UN2171,Yes,No,1.25,75-85% (Review),Dangerous Goods
DOC-5403,2026-02-24,00:33,9,February,Commercial Invoice,DE → FR,DHL Freight,23,494,471,94.6,Auto-approved,,,,No,No,0.38,85-95% (Good),Finance
DOC-5404,2026-02-04,05:18,6,February,CMR Waybill,DE → TR,DB Schenker,38,566,528,83.9,Human review,UN number mismatch,,,No,No,0.63,75-85% (Review),Transport
DOC-5405,2026-02-27,03:39,9,February,Customs Export Declaration,DE → GB,DB Schenker,44,646,602,84.0,Human review,Wrong DG class,,,No,No,0.73,75-85% (Review),Customs
DOC-5406,2026-01-07,12:24,2,January,Customs Export Declaration,DE → CH,Rhenus,48,658,610,92.5,Auto-approved,,,,No,No,0.8,85-95% (Good),Customs
DOC-5407,2026-01-26,19:55,5,January,DG Declaration (ADR),DE → IT,DB Schenker,73,657,584,82.2,Human review,,Class 8 (Corrosive),UN3238,Yes,No,1.22,75-85% (Review),Dangerous Goods
DOC-5408,2026-01-26,23:12,5,January,DG Declaration (IATA),DE → TR,Kuehne+Nagel,62,656,594,97.5,Auto-approved,,Class 3 (Flammable liquids),UN1711,Yes,No,1.03,95-100% (Excellent),Dangerous Goods
DOC-5409,2026-01-16,12:02,3,January,Customs Export Declaration,DE → CH,Rhenus,40,620,580,91.7,Auto-approved,,,,No,No,0.67,85-95% (Good),Customs
DOC-5410,2026-02-02,00:21,6,February,CMR Waybill,DE → IT,DB Schenker,52,623,571,97.0,Auto-approved,,,,No,No,0.87,95-100% (Excellent),Transport
DOC-5411,2026-02-08,15:50,6,February,CMR Waybill,DE → JP,DSV,19,556,537,100.0,Auto-approved,,,,No,No,0.32,95-100% (Excellent),Transport
DOC-5412,2026-01-29,05:33,5,January,DG Declaration (IATA),DE → FR,DSV,62,564,502,95.4,Auto-approved,,Class 6 (Toxic),UN1376,Yes,No,1.03,95-100% (Excellent),Dangerous Goods
DOC-5413,2026-01-28,21:21,5,January,Customs Export Declaration,DE → US,Rhenus,38,628,590,100.0,Auto-approved,,,,No,No,0.63,95-100% (Excellent),Customs
DOC-5414,2026-03-02,17:52,10,March,Customs Export Declaration,DE → PL,DHL Freight,40,627,587,86.4,Human review,,,,No,No,0.67,85-95% (Good),Customs
DOC-5415,2026-02-01,01:43,5,February,Customs Export Declaration,DE → US,Kuehne+Nagel,66,486,420,84.5,Human review,Wrong DG class,,,No,No,1.1,75-85% (Review),Customs
DOC-5416,2026-03-08,11:32,10,March,Customs Export Declaration,DE → GB,Kuehne+Nagel,37,636,599,93.5,Auto-approved,,,,No,No,0.62,85-95% (Good),Customs
DOC-5417,2026-02-11,16:05,7,February,DG Declaration (ADR),DE → FR,DB Schenker,77,531,454,85.9,Human review,,Class 9 (Misc dangerous),UN1268,Yes,No,1.28,85-95% (Good),Dangerous Goods
DOC-5418,2026-01-28,21:27,5,January,CMR Waybill,DE → FR,DB Schenker,15,714,699,90.4,Auto-approved,,,,No,No,0.25,85-95% (Good),Transport
DOC-5419,2026-02-25,20:52,9,February,Customs Export Declaration,DE → FR,DB Schenker,61,489,428,94.7,Auto-approved,,,,No,No,1.02,85-95% (Good),Customs
DOC-5420,2026-01-10,01:11,2,January,DG Declaration (ADR),DE → TR,DSV,77,573,496,93.6,Auto-approved,,Class 4 (Flammable solids),UN2669,Yes,No,1.28,85-95% (Good),Dangerous Goods
DOC-5421,2026-02-21,13:20,8,February,DG Declaration (IMDG),DE → PL,Kuehne+Nagel,59,661,602,80.3,Human review,,Class 8 (Corrosive),UN1259,Yes,No,0.98,75-85% (Review),Dangerous Goods
DOC-5422,2026-03-16,01:44,12,March,Customs Export Declaration,DE → FR,Rhenus,49,669,620,91.6,Auto-approved,,,,No,No,0.82,85-95% (Good),Customs
DOC-5423,2026-02-08,19:05,6,February,DG Declaration (IATA),DE → TR,Kuehne+Nagel,41,518,477,96.8,Auto-approved,,Class 2 (Gases),UN2941,Yes,No,0.68,95-100% (Excellent),Dangerous Goods
DOC-5424,2026-01-29,04:47,5,January,DG Declaration (ADR),DE → CH,DSV,56,710,654,97.5,Auto-approved,,Class 4 (Flammable solids),UN2528,Yes,No,0.93,95-100% (Excellent),Dangerous Goods
DOC-5425,2026-01-02,17:55,1,January,Customs Export Declaration,DE → GB,DB Schenker,46,623,577,93.5,Auto-approved,,,,No,No,0.77,85-95% (Good),Customs
DOC-5426,2026-03-10,17:05,11,March,DG Declaration (IATA),DE → TR,DB Schenker,55,697,642,72.9,Flagged,Missing packing group,Class 3 (Flammable liquids),UN2690,Yes,No,0.92,<75% (Flagged),Dangerous Goods
DOC-5427,2026-01-19,05:11,4,January,Customs Export Declaration,DE → CN,DSV,48,684,636,89.0,Human review,UN number mismatch,,,No,No,0.8,85-95% (Good),Customs
DOC-5428,2026-03-12,14:41,11,March,CMR Waybill,DE → GB,DHL Freight,29,504,475,95.5,Auto-approved,,,,No,No,0.48,95-100% (Excellent),Transport
DOC-5429,2026-03-16,15:21,12,March,CMR Waybill,DE → US,DB Schenker,27,696,669,88.5,Human review,Invalid HS code,,,No,No,0.45,85-95% (Good),Transport
DOC-5430,2026-02-10,15:28,7,February,Customs Export Declaration,DE → US,DSV,37,674,637,83.9,Human review,Missing emergency contact,,,No,No,0.62,75-85% (Review),Customs
DOC-5431,2026-02-24,05:00,9,February,DG Declaration (ADR),DE → US,DB Schenker,64,512,448,77.2,Human review,,Class 4 (Flammable solids),UN2472,Yes,No,1.07,75-85% (Review),Dangerous Goods
DOC-5432,2026-02-12,15:29,7,February,Customs Export Declaration,DE → IT,Rhenus,47,682,635,85.0,Human review,Invalid HS code,,,No,No,0.78,75-85% (Review),Customs
DOC-5433,2026-01-18,17:12,3,January,EUR.1 Certificate,DE → TR,DHL Freight,32,632,600,78.4,Human review,,,,No,No,0.53,75-85% (Review),Customs
DOC-5434,2026-03-16,18:25,12,March,DG Declaration (ADR),DE → JP,DB Schenker,71,637,566,83.1,Human review,,Class 8 (Corrosive),UN2933,Yes,No,1.18,75-85% (Review),Dangerous Goods
DOC-5435,2026-01-20,11:25,4,January,Customs Export Declaration,DE → CN,DSV,44,602,558,87.2,Human review,,,,No,No,0.73,85-95% (Good),Customs
DOC-5436,2026-02-20,11:32,8,February,Customs Export Declaration,DE → PL,DB Schenker,55,520,465,82.6,Human review,,,,No,No,0.92,75-85% (Review),Customs
DOC-5437,2026-03-07,04:28,10,March,CMR Waybill,DE → NL,DB Schenker,18,515,497,89.3,Human review,,,,No,No,0.3,85-95% (Good),Transport
DOC-5438,2026-03-03,11:02,10,March,DG Declaration (ADR),DE → CN,Kuehne+Nagel,61,640,579,93.4,Auto-approved,,Class 3 (Flammable liquids),UN1175,Yes,No,1.02,85-95% (Good),Dangerous Goods
DOC-5439,2026-03-08,11:24,10,March,CMR Waybill,DE → IT,Kuehne+Nagel,32,636,604,91.6,Auto-approved,,,,No,No,0.53,85-95% (Good),Transport
DOC-5440,2026-01-14,22:33,3,January,DG Declaration (IATA),DE → TR,Rhenus,44,637,593,83.7,Human review,Invalid EORI number,Class 4 (Flammable solids),UN3407,Yes,No,0.73,75-85% (Review),Dangerous Goods
DOC-5441,2026-01-10,16:16,2,January,EUR.1 Certificate,DE → CH,DB Schenker,26,688,662,92.3,Auto-approved,,,,No,No,0.43,85-95% (Good),Customs
DOC-5442,2026-03-04,15:56,10,March,DG Declaration (IMDG),DE → JP,DHL Freight,60,531,471,88.0,Human review,Invalid HS code,Class 8 (Corrosive),UN2150,Yes,No,1.0,85-95% (Good),Dangerous Goods
DOC-5443,2026-01-24,05:23,4,January,EUR.1 Certificate,DE → JP,DHL Freight,30,596,566,86.9,Human review,Invalid HS code,,,No,No,0.5,85-95% (Good),Customs
DOC-5444,2026-03-03,15:13,10,March,Commercial Invoice,DE → JP,DB Schenker,19,618,599,87.2,Human review,Missing packing group,,,No,No,0.32,85-95% (Good),Finance
DOC-5445,2026-01-21,04:40,4,January,DG Declaration (IMDG),DE → GB,DHL Freight,69,624,555,85.5,Human review,Missing packing group,Class 8 (Corrosive),UN2660,Yes,No,1.15,85-95% (Good),Dangerous Goods
DOC-5446,2026-03-14,20:01,11,March,CMR Waybill,DE → TR,DHL Freight,33,593,560,100.0,Auto-approved,,,,No,No,0.55,95-100% (Excellent),Transport
DOC-5447,2026-03-03,05:14,10,March,DG Declaration (ADR),DE → CH,DSV,68,543,475,95.2,Auto-approved,,Class 3 (Flammable liquids),UN3092,Yes,No,1.13,95-100% (Excellent),Dangerous Goods
DOC-5448,2026-02-13,14:38,7,February,CMR Waybill,DE → JP,DHL Freight,31,506,475,99.9,Auto-approved,,,,No,No,0.52,95-100% (Excellent),Transport
DOC-5449,2026-01-26,16:55,5,January,DG Declaration (IMDG),DE → GB,Kuehne+Nagel,71,661,590,79.5,Human review,UN number mismatch,Class 8 (Corrosive),UN3061,Yes,No,1.18,75-85% (Review),Dangerous Goods
DOC-5450,2026-01-12,15:42,3,January,Commercial Invoice,DE → NL,DSV,25,705,680,92.9,Auto-approved,,,,No,No,0.42,85-95% (Good),Finance
DOC-5451,2026-02-25,16:26,9,February,CMR Waybill,DE → US,DHL Freight,27,596,569,86.0,Human review,,,,No,No,0.45,85-95% (Good),Transport
DOC-5452,2026-02-18,11:37,8,February,DG Declaration (ADR),DE → JP,DHL Freight,53,548,495,90.4,Auto-approved,,Class 3 (Flammable liquids),UN1343,Yes,No,0.88,85-95% (Good),Dangerous Goods
DOC-5453,2026-03-11,13:16,11,March,Customs Export Declaration,DE → CN,DHL Freight,41,508,467,81.0,Human review,,,,No,No,0.68,75-85% (Review),Customs
DOC-5454,2026-01-01,12:41,1,January,Customs Export Declaration,DE → CN,Rhenus,41,582,541,94.8,Auto-approved,,,,No,No,0.68,85-95% (Good),Customs
DOC-5455,2026-03-16,08:16,12,March,DG Declaration (IATA),DE → GB,Kuehne+Nagel,42,579,537,84.2,Human review,,Class 6 (Toxic),UN1834,Yes,No,0.7,75-85% (Review),Dangerous Goods
DOC-5456,2026-03-13,15:11,11,March,CMR Waybill,DE → US,DSV,23,554,531,91.2,Auto-approved,,,,No,No,0.38,85-95% (Good),Transport
DOC-5457,2026-02-14,22:25,7,February,DG Declaration (ADR),DE → NL,DHL Freight,60,531,471,80.4,Human review,,Class 3 (Flammable liquids),UN1410,Yes,No,1.0,75-85% (Review),Dangerous Goods
DOC-5458,2026-02-21,10:51,8,February,DG Declaration (IMDG),DE → GB,DSV,60,593,533,77.6,Human review,UN number mismatch,Class 2 (Gases),UN1595,Yes,No,1.0,75-85% (Review),Dangerous Goods
DOC-5459,2026-03-18,13:05,12,March,Customs Export Declaration,DE → FR,Rhenus,46,489,443,95.8,Auto-approved,,,,No,No,0.77,95-100% (Excellent),Customs
DOC-5460,2026-02-19,12:39,8,February,Customs Export Declaration,DE → GB,Rhenus,42,677,635,83.8,Human review,,,,No,No,0.7,75-85% (Review),Customs
DOC-5461,2026-03-05,14:00,10,March,Customs Export Declaration,DE → CN,DSV,44,624,580,94.8,Auto-approved,,,,No,No,0.73,85-95% (Good),Customs
DOC-5462,2026-03-08,22:14,10,March,Customs Export Declaration,DE → JP,DB Schenker,41,714,673,87.1,Human review,,,,No,No,0.68,85-95% (Good),Customs
DOC-5463,2026-01-12,08:49,3,January,Customs Export Declaration,DE → CH,Rhenus,40,657,617,86.8,Human review,UN number mismatch,,,No,No,0.67,85-95% (Good),Customs
DOC-5464,2026-01-09,02:35,2,January,DG Declaration (IMDG),DE → TR,DSV,73,626,553,84.7,Human review,,Class 4 (Flammable solids),UN1926,Yes,No,1.22,75-85% (Review),Dangerous Goods
DOC-5465,2026-01-25,14:59,4,January,Customs Export Declaration,DE → CH,DSV,51,601,550,93.1,Auto-approved,,,,No,No,0.85,85-95% (Good),Customs
DOC-5466,2026-03-13,02:32,11,March,Customs Export Declaration,DE → TR,Rhenus,62,690,628,88.9,Human review,,,,No,No,1.03,85-95% (Good),Customs
DOC-5467,2026-03-15,08:44,11,March,DG Declaration (IATA),DE → IT,Kuehne+Nagel,39,695,656,83.4,Human review,,Class 6 (Toxic),UN2887,Yes,No,0.65,75-85% (Review),Dangerous Goods
DOC-5468,2026-01-04,15:07,1,January,CMR Waybill,DE → TR,DHL Freight,17,533,516,100.0,Auto-approved,,,,No,No,0.28,95-100% (Excellent),Transport
DOC-5469,2026-01-30,10:26,5,January,Customs Export Declaration,DE → US,DSV,30,543,513,90.6,Auto-approved,,,,No,No,0.5,85-95% (Good),Customs
DOC-5470,2026-02-06,02:25,6,February,DG Declaration (ADR),DE → US,DHL Freight,54,524,470,86.5,Human review,Incorrect consignee address,Class 8 (Corrosive),UN2102,Yes,No,0.9,85-95% (Good),Dangerous Goods
DOC-5471,2026-01-25,15:47,4,January,DG Declaration (IMDG),DE → CN,DB Schenker,63,680,617,73.8,Flagged,Invalid HS code,Class 3 (Flammable liquids),UN1830,Yes,No,1.05,<75% (Flagged),Dangerous Goods
DOC-5472,2026-02-15,04:49,7,February,DG Declaration (ADR),DE → FR,DHL Freight,73,663,590,82.9,Human review,,Class 8 (Corrosive),UN1027,Yes,No,1.22,75-85% (Review),Dangerous Goods
DOC-5473,2026-03-11,01:54,11,March,Customs Export Declaration,DE → IT,Rhenus,37,695,658,87.4,Human review,,,,No,No,0.62,85-95% (Good),Customs
DOC-5474,2026-02-05,15:11,6,February,DG Declaration (ADR),DE → GB,Rhenus,47,606,559,95.0,Auto-approved,,Class 3 (Flammable liquids),UN1221,Yes,No,0.78,85-95% (Good),Dangerous Goods
DOC-5475,2026-02-24,15:34,9,February,Commercial Invoice,DE → PL,DSV,14,666,652,100.0,Auto-approved,,,,No,No,0.23,95-100% (Excellent),Finance
DOC-5476,2026-02-28,03:44,9,February,DG Declaration (IMDG),DE → GB,Kuehne+Nagel,64,504,440,88.8,Human review,,Class 6 (Toxic),UN3379,Yes,No,1.07,85-95% (Good),Dangerous Goods
DOC-5477,2026-02-16,19:55,8,February,DG Declaration (IATA),DE → TR,DB Schenker,48,568,520,86.5,Human review,,Class 8 (Corrosive),UN2405,Yes,No,0.8,85-95% (Good),Dangerous Goods
DOC-5478,2026-03-05,13:13,10,March,CMR Waybill,DE → CH,Rhenus,23,588,565,98.3,Auto-approved,,,,No,No,0.38,95-100% (Excellent),Transport
DOC-5479,2026-03-15,04:36,11,March,CMR Waybill,DE → CN,DHL Freight,27,686,659,80.6,Human review,,,,No,No,0.45,75-85% (Review),Transport
DOC-5480,2026-01-26,04:51,5,January,DG Declaration (ADR),DE → NL,Kuehne+Nagel,62,608,546,83.9,Human review,,Class 9 (Misc dangerous),UN3117,Yes,No,1.03,75-85% (Review),Dangerous Goods
DOC-5481,2026-02-10,15:19,7,February,Customs Export Declaration,DE → TR,DSV,47,504,457,91.3,Auto-approved,,,,No,No,0.78,85-95% (Good),Customs
DOC-5482,2026-01-21,01:13,4,January,DG Declaration (ADR),DE → TR,Kuehne+Nagel,62,566,504,85.3,Human review,,Class 4 (Flammable solids),UN2478,Yes,No,1.03,85-95% (Good),Dangerous Goods
DOC-5483,2026-03-13,08:22,11,March,CMR Waybill,DE → PL,Kuehne+Nagel,45,711,666,100.0,Auto-approved,,,,No,No,0.75,95-100% (Excellent),Transport
DOC-5484,2026-01-26,18:36,5,January,CMR Waybill,DE → GB,DB Schenker,38,558,520,92.3,Auto-approved,,,,No,No,0.63,85-95% (Good),Transport
DOC-5485,2026-03-07,15:49,10,March,EUR.1 Certificate,DE → IT,DHL Freight,29,632,603,96.9,Auto-approved,,,,No,No,0.48,95-100% (Excellent),Customs
DOC-5486,2026-01-19,05:40,4,January,DG Declaration (ADR),DE → US,Kuehne+Nagel,51,519,468,81.3,Human review,,Class 2 (Gases),UN1324,Yes,No,0.85,75-85% (Review),Dangerous Goods
DOC-5487,2026-01-30,10:20,5,January,CMR Waybill,DE → TR,Rhenus,22,667,645,88.7,Human review,,,,No,No,0.37,85-95% (Good),Transport
DOC-5488,2026-02-16,23:37,8,February,DG Declaration (IMDG),DE → GB,Kuehne+Nagel,60,655,595,90.3,Auto-approved,,Class 2 (Gases),UN1512,Yes,No,1.0,85-95% (Good),Dangerous Goods
DOC-5489,2026-02-02,23:44,6,February,DG Declaration (IMDG),DE → FR,DB Schenker,67,612,545,90.8,Auto-approved,,Class 2 (Gases),UN2938,Yes,No,1.12,85-95% (Good),Dangerous Goods
DOC-5490,2026-01-04,12:33,1,January,Customs Export Declaration,DE → FR,DHL Freight,45,637,592,97.1,Auto-approved,,,,No,No,0.75,95-100% (Excellent),Customs
DOC-5491,2026-02-19,09:14,8,February,Customs Export Declaration,DE → CN,Rhenus,40,606,566,94.3,Auto-approved,,,,No,No,0.67,85-95% (Good),Customs
DOC-5492,2026-01-22,00:02,4,January,DG Declaration (ADR),DE → US,Rhenus,67,587,520,82.1,Human review,,Class 4 (Flammable solids),UN3246,Yes,No,1.12,75-85% (Review),Dangerous Goods
DOC-5493,2026-03-11,05:37,11,March,Customs Export Declaration,DE → JP,Kuehne+Nagel,35,606,571,85.7,Human review,,,,No,No,0.58,85-95% (Good),Customs
DOC-5494,2026-03-10,09:58,11,March,Customs Export Declaration,DE → US,Kuehne+Nagel,27,568,541,89.9,Human review,,,,No,No,0.45,85-95% (Good),Customs
DOC-5495,2026-02-03,04:19,6,February,DG Declaration (IATA),DE → PL,DHL Freight,38,482,444,86.3,Human review,Wrong DG class,Class 6 (Toxic),UN3191,Yes,No,0.63,85-95% (Good),Dangerous Goods
DOC-5496,2026-03-04,15:19,10,March,DG Declaration (ADR),DE → PL,Kuehne+Nagel,64,525,461,79.0,Human review,,Class 8 (Corrosive),UN2530,Yes,No,1.07,75-85% (Review),Dangerous Goods
DOC-5497,2026-03-13,13:25,11,March,Customs Export Declaration,DE → CN,DB Schenker,42,533,491,83.2,Human review,,,,No,No,0.7,75-85% (Review),Customs
DOC-5498,2026-01-11,13:40,2,January,DG Declaration (ADR),DE → CN,DSV,62,674,612,72.7,Flagged,Missing packing group,Class 4 (Flammable solids),UN3178,Yes,No,1.03,<75% (Flagged),Dangerous Goods
DOC-5499,2026-01-09,05:08,2,January,Customs Export Declaration,DE → TR,DHL Freight,36,525,489,85.6,Human review,Quantity mismatch,,,No,No,0.6,85-95% (Good),Customs
